locationabbr,income,sex,ageyears,race_ethnicity,education,obesity_pct,total_sample_size,strat_type
AK,"$15,000 - $24,999",,,,,31.94163663345347,4717.0,income
AK,"$25,000 - $34,999",,,,,32.2867709437964,3772.0,income
AK,"$35,000 - $49,999",,,,,32.713885180240325,5243.0,income
AK,"$50,000 - $74,999",,,,,31.984575835475574,7391.0,income
AK,"$75,000 or greater",,,,,30.043756083993877,14382.0,income
AK,Data not reported,,,,,28.986588780534902,10357.0,income
AK,"Less than $15,000",,,,,32.79582958295829,3333.0,income
AL,"$15,000 - $24,999",,,,,38.860828448612736,12795.0,income
AL,"$25,000 - $34,999",,,,,36.74657194994786,7672.0,income
AL,"$35,000 - $49,999",,,,,37.27463666702551,9289.0,income
AL,"$50,000 - $74,999",,,,,36.69016177957533,9890.0,income
AL,"$75,000 or greater",,,,,32.21682022861101,14435.0,income
AL,Data not reported,,,,,31.298663117078533,17279.0,income
AL,"Less than $15,000",,,,,39.95694429594783,9353.0,income
AR,"$15,000 - $24,999",,,,,36.917550239234444,10450.0,income
AR,"$25,000 - $34,999",,,,,35.86699113758536,6883.0,income
AR,"$35,000 - $49,999",,,,,37.69947597137014,7824.0,income
AR,"$50,000 - $74,999",,,,,38.002000764623425,7847.0,income
AR,"$75,000 or greater",,,,,32.86720032840722,9744.0,income
AR,Data not reported,,,,,32.46727577280341,13134.0,income
AR,"Less than $15,000",,,,,41.11232601521022,6969.0,income
AZ,"$15,000 - $24,999",,,,,34.445037531276064,15587.0,income
AZ,"$25,000 - $34,999",,,,,30.62789250842478,11573.0,income
AZ,"$35,000 - $49,999",,,,,30.476504776538178,14969.0,income
AZ,"$50,000 - $74,999",,,,,30.00774936678326,16582.0,income
AZ,"$75,000 or greater",,,,,26.48675369317019,24437.0,income
AZ,Data not reported,,,,,26.826162193267294,24329.0,income
AZ,"Less than $15,000",,,,,34.5646173281398,9499.0,income
CA,"$15,000 - $24,999",,,,,29.71615623313545,14824.0,income
CA,"$25,000 - $34,999",,,,,29.547579724150047,11383.0,income
CA,"$35,000 - $49,999",,,,,26.242891153932,13441.0,income
CA,"$50,000 - $74,999",,,,,26.88617436155491,15898.0,income
CA,"$75,000 or greater",,,,,20.986891277495992,38051.0,income
CA,Data not reported,,,,,22.846551403606618,21516.0,income
CA,"Less than $15,000",,,,,30.917747895087523,16509.0,income
CO,"$15,000 - $24,999",,,,,25.35845140690481,15033.0,income
CO,"$25,000 - $34,999",,,,,24.352108855442776,11428.0,income
CO,"$35,000 - $49,999",,,,,23.502809476556685,16124.0,income
CO,"$50,000 - $74,999",,,,,23.256793738954812,19805.0,income
CO,"$75,000 or greater",,,,,20.357289167058354,40423.0,income
CO,Data not reported,,,,,20.35085349332301,25835.0,income
CO,"Less than $15,000",,,,,27.00690594059406,8080.0,income
CT,"$15,000 - $24,999",,,,,32.879443968389985,10503.0,income
CT,"$25,000 - $34,999",,,,,31.803730583142347,7854.0,income
CT,"$35,000 - $49,999",,,,,30.248121698297787,10222.0,income
CT,"$50,000 - $74,999",,,,,29.307088643849347,13966.0,income
CT,"$75,000 or greater",,,,,23.794865602091267,35194.0,income
CT,Data not reported,,,,,24.269153758227898,25371.0,income
CT,"Less than $15,000",,,,,35.99762606417812,6108.0,income
DC,"$15,000 - $24,999",,,,,33.96554641060814,4374.0,income
DC,"$25,000 - $34,999",,,,,31.294458438287155,2779.0,income
DC,"$35,000 - $49,999",,,,,28.24280089988751,3556.0,income
DC,"$50,000 - $74,999",,,,,21.947065033783783,4736.0,income
DC,"$75,000 or greater",,,,,14.87032779906343,16443.0,income
DC,Data not reported,,,,,21.57795275590551,10287.0,income
DC,"Less than $15,000",,,,,36.18625974724389,3719.0,income
DE,"$15,000 - $24,999",,,,,36.452051972746,6311.0,income
DE,"$25,000 - $34,999",,,,,35.409140347207696,4781.0,income
DE,"$35,000 - $49,999",,,,,33.356712813908565,6212.0,income
DE,"$50,000 - $74,999",,,,,32.83802386899806,7206.0,income
DE,"$75,000 or greater",,,,,29.734274067105673,12756.0,income
DE,Data not reported,,,,,28.939291511505772,10473.0,income
DE,"Less than $15,000",,,,,36.43844162567952,3863.0,income
FL,"$15,000 - $24,999",,,,,31.28947150325131,31372.0,income
FL,"$25,000 - $34,999",,,,,29.793067057160172,19804.0,income
FL,"$35,000 - $49,999",,,,,29.051790341078025,23543.0,income
FL,"$50,000 - $74,999",,,,,28.798250353788756,23319.0,income
FL,"$75,000 or greater",,,,,24.614982791162433,36028.0,income
FL,Data not reported,,,,,23.960328638497653,34080.0,income
FL,"Less than $15,000",,,,,31.956234664287305,17932.0,income
GA,"$15,000 - $24,999",,,,,35.76799040099086,12918.0,income
GA,"$25,000 - $34,999",,,,,34.513974344420475,8809.0,income
GA,"$35,000 - $49,999",,,,,33.842295081967215,10065.0,income
GA,"$50,000 - $74,999",,,,,34.02402585901523,11292.0,income
GA,"$75,000 or greater",,,,,28.02835458081244,18512.0,income
GA,Data not reported,,,,,28.862046222317552,18649.0,income
GA,"Less than $15,000",,,,,37.22641181581234,8057.0,income
GU,"$15,000 - $24,999",,,,,32.88884462151395,2761.0,income
GU,"$25,000 - $34,999",,,,,31.863047530288906,2146.0,income
GU,"$35,000 - $49,999",,,,,32.051817447495964,2476.0,income
GU,"$50,000 - $74,999",,,,,33.537955298013244,2416.0,income
GU,"$75,000 or greater",,,,,31.975371549893843,3297.0,income
GU,Data not reported,,,,,29.828317621464823,2758.0,income
GU,"Less than $15,000",,,,,32.364473007712085,1945.0,income
HI,"$15,000 - $24,999",,,,,25.38023868023868,11396.0,income
HI,"$25,000 - $34,999",,,,,24.66566164154104,8955.0,income
HI,"$35,000 - $49,999",,,,,24.619761415055535,12155.0,income
HI,"$50,000 - $74,999",,,,,25.111172951161823,14374.0,income
HI,"$75,000 or greater",,,,,22.640772499034377,25890.0,income
HI,Data not reported,,,,,21.82202929286235,15089.0,income
HI,"Less than $15,000",,,,,27.909753136382033,7413.0,income
IA,"$15,000 - $24,999",,,,,37.394417890064865,11716.0,income
IA,"$25,000 - $34,999",,,,,36.41338079782222,9551.0,income
IA,"$35,000 - $49,999",,,,,35.626728144060415,13772.0,income
IA,"$50,000 - $74,999",,,,,35.87860911575869,15731.0,income
IA,"$75,000 or greater",,,,,31.288368846738106,24357.0,income
IA,Data not reported,,,,,30.144802391232147,18066.0,income
IA,"Less than $15,000",,,,,38.24423393739704,6070.0,income
ID,"$15,000 - $24,999",,,,,32.073615113672744,9369.0,income
ID,"$25,000 - $34,999",,,,,31.09731222385862,8148.0,income
ID,"$35,000 - $49,999",,,,,31.33,9750.0,income
ID,"$50,000 - $74,999",,,,,30.85844267790441,10441.0,income
ID,"$75,000 or greater",,,,,26.05004635352287,12944.0,income
ID,Data not reported,,,,,26.818165122963904,12524.0,income
ID,"Less than $15,000",,,,,32.349915872125635,5349.0,income
IL,"$15,000 - $24,999",,,,,34.43602932041248,8049.0,income
IL,"$25,000 - $34,999",,,,,32.58137637460092,5638.0,income
IL,"$35,000 - $49,999",,,,,32.27054253181514,7465.0,income
IL,"$50,000 - $74,999",,,,,32.0330260791367,8896.0,income
IL,"$75,000 or greater",,,,,27.918107954545455,17600.0,income
IL,Data not reported,,,,,28.10498703136053,8482.0,income
IL,"Less than $15,000",,,,,36.015464353712716,4727.0,income
IN,"$15,000 - $24,999",,,,,37.06859932497589,16592.0,income
IN,"$25,000 - $34,999",,,,,35.79308621407746,12005.0,income
IN,"$35,000 - $49,999",,,,,35.4498699045967,14989.0,income
IN,"$50,000 - $74,999",,,,,35.60225144203932,16123.0,income
IN,"$75,000 or greater",,,,,30.60721272433444,23514.0,income
IN,Data not reported,,,,,30.931276951509286,22726.0,income
IN,"Less than $15,000",,,,,37.769805160610844,9495.0,income
KS,"$15,000 - $24,999",,,,,35.56455888259182,22409.0,income
KS,"$25,000 - $34,999",,,,,35.2004305646392,18348.0,income
KS,"$35,000 - $49,999",,,,,34.880019071079495,25169.0,income
KS,"$50,000 - $74,999",,,,,34.39157739454182,28471.0,income
KS,"$75,000 or greater",,,,,29.810586360013662,43915.0,income
KS,Data not reported,,,,,28.921888372661694,32716.0,income
KS,"Less than $15,000",,,,,37.580928337319506,11289.0,income
KY,"$15,000 - $24,999",,,,,38.04448345035105,11964.0,income
KY,"$25,000 - $34,999",,,,,37.24521659618242,8749.0,income
KY,"$35,000 - $49,999",,,,,35.62536900369004,10840.0,income
KY,"$50,000 - $74,999",,,,,35.97237425726002,11949.0,income
KY,"$75,000 or greater",,,,,30.96129913933473,17196.0,income
KY,Data not reported,,,,,30.213481007181795,23114.0,income
KY,"Less than $15,000",,,,,37.23747875100653,11177.0,income
LA,"$15,000 - $24,999",,,,,39.223734713915924,11203.0,income
LA,"$25,000 - $34,999",,,,,37.55303684513529,6948.0,income
LA,"$35,000 - $49,999",,,,,37.70491301151679,8162.0,income
LA,"$50,000 - $74,999",,,,,36.89178017848756,8516.0,income
LA,"$75,000 or greater",,,,,34.002534340659345,14560.0,income
LA,Data not reported,,,,,31.248151833949393,14068.0,income
LA,"Less than $15,000",,,,,39.78038735270097,8571.0,income
MA,"$15,000 - $24,999",,,,,28.86085834578297,14726.0,income
MA,"$25,000 - $34,999",,,,,26.725848361450456,10314.0,income
MA,"$35,000 - $49,999",,,,,27.01997186018957,13504.0,income
MA,"$50,000 - $74,999",,,,,26.756567145841014,16278.0,income
MA,"$75,000 or greater",,,,,21.11064109165808,38840.0,income
MA,Data not reported,,,,,22.206876717581643,31294.0,income
MA,"Less than $15,000",,,,,31.216235195472176,9541.0,income
MD,"$15,000 - $24,999",,,,,34.889998802968634,16708.0,income
MD,"$25,000 - $34,999",,,,,34.048860878415404,12773.0,income
MD,"$35,000 - $49,999",,,,,35.182745935682924,16854.0,income
MD,"$50,000 - $74,999",,,,,33.023309141101564,22459.0,income
MD,"$75,000 or greater",,,,,28.191489828772138,54664.0,income
MD,Data not reported,,,,,28.210755510194165,41151.0,income
MD,"Less than $15,000",,,,,35.44337404932013,8678.0,income
ME,"$15,000 - $24,999",,,,,33.77170068800819,17587.0,income
ME,"$25,000 - $34,999",,,,,32.36742111471543,13564.0,income
ME,"$35,000 - $49,999",,,,,31.845457707693203,17249.0,income
ME,"$50,000 - $74,999",,,,,30.912092951360258,19408.0,income
ME,"$75,000 or greater",,,,,26.565452930728245,25898.0,income
ME,Data not reported,,,,,27.197441620169457,24195.0,income
ME,"Less than $15,000",,,,,35.93980032638955,10417.0,income
MI,"$15,000 - $24,999",,,,,37.42636835278859,15420.0,income
MI,"$25,000 - $34,999",,,,,34.87187575054038,12491.0,income
MI,"$35,000 - $49,999",,,,,34.69556309622895,15619.0,income
MI,"$50,000 - $74,999",,,,,33.82272444066837,17655.0,income
MI,"$75,000 or greater",,,,,29.379036238014663,28368.0,income
MI,Data not reported,,,,,29.285110139566164,23788.0,income
MI,"Less than $15,000",,,,,37.591810573153936,9439.0,income
MN,"$15,000 - $24,999",,,,,32.605792635957485,19473.0,income
MN,"$25,000 - $34,999",,,,,30.805053255870245,16524.0,income
MN,"$35,000 - $49,999",,,,,30.821266144399743,23615.0,income
MN,"$50,000 - $74,999",,,,,31.427522565000675,29692.0,income
MN,"$75,000 or greater",,,,,26.366200297287257,53820.0,income
MN,Data not reported,,,,,26.987208885704046,36283.0,income
MN,"Less than $15,000",,,,,31.814217252396165,9390.0,income
MO,"$15,000 - $24,999",,,,,36.1224632555215,12723.0,income
MO,"$25,000 - $34,999",,,,,35.94627813683976,8974.0,income
MO,"$35,000 - $49,999",,,,,34.9122816032888,11676.0,income
MO,"$50,000 - $74,999",,,,,34.60028130525639,12442.0,income
MO,"$75,000 or greater",,,,,31.38367938754205,17242.0,income
MO,Data not reported,,,,,29.31422154210682,20258.0,income
MO,"Less than $15,000",,,,,37.085655029381265,8679.0,income
MS,"$15,000 - $24,999",,,,,41.1812440645774,12636.0,income
MS,"$25,000 - $34,999",,,,,39.29011805279215,7539.0,income
MS,"$35,000 - $49,999",,,,,37.84601867780782,8138.0,income
MS,"$50,000 - $74,999",,,,,37.06012316199573,7957.0,income
MS,"$75,000 or greater",,,,,32.313626147218585,10678.0,income
MS,Data not reported,,,,,32.820503812229035,13378.0,income
MS,"Less than $15,000",,,,,41.678303393213575,10020.0,income
MT,"$15,000 - $24,999",,,,,28.114653834212973,12884.0,income
MT,"$25,000 - $34,999",,,,,27.432873851294904,9576.0,income
MT,"$35,000 - $49,999",,,,,27.49255542968118,12358.0,income
MT,"$50,000 - $74,999",,,,,27.75489026535138,13077.0,income
MT,"$75,000 or greater",,,,,24.83893984514592,16790.0,income
MT,Data not reported,,,,,24.293405471621067,14694.0,income
MT,"Less than $15,000",,,,,30.526939426142402,7528.0,income
NC,"$15,000 - $24,999",,,,,35.52324760463944,11898.0,income
NC,"$25,000 - $34,999",,,,,34.24124373634846,7783.0,income
NC,"$35,000 - $49,999",,,,,33.235734627149036,9481.0,income
NC,"$50,000 - $74,999",,,,,32.147057013945854,9752.0,income
NC,"$75,000 or greater",,,,,27.22488499316176,16086.0,income
NC,Data not reported,,,,,27.695257857796765,16385.0,income
NC,"Less than $15,000",,,,,35.79839507823994,7477.0,income
ND,"$15,000 - $24,999",,,,,34.39123310118804,7323.0,income
ND,"$25,000 - $34,999",,,,,33.98360037700283,6366.0,income
ND,"$35,000 - $49,999",,,,,34.27587453482191,9405.0,income
ND,"$50,000 - $74,999",,,,,34.305505819158455,11170.0,income
ND,"$75,000 or greater",,,,,31.672400453889004,19388.0,income
ND,Data not reported,,,,,29.057253800396563,12104.0,income
ND,"Less than $15,000",,,,,34.53552421500798,3758.0,income
NE,"$15,000 - $24,999",,,,,33.79020879355804,28066.0,income
NE,"$25,000 - $34,999",,,,,33.9312550900371,22102.0,income
NE,"$35,000 - $49,999",,,,,33.96258036720355,30174.0,income
NE,"$50,000 - $74,999",,,,,33.80541552597627,31779.0,income
NE,"$75,000 or greater",,,,,29.36460077667288,44549.0,income
NE,Data not reported,,,,,28.53314453685116,27896.0,income
NE,"Less than $15,000",,,,,34.30926958650707,14704.0,income
NH,"$15,000 - $24,999",,,,,32.127376565954314,8142.0,income
NH,"$25,000 - $34,999",,,,,30.91477832512315,6496.0,income
NH,"$35,000 - $49,999",,,,,31.343248875726665,9117.0,income
NH,"$50,000 - $74,999",,,,,30.01532400849858,11296.0,income
NH,"$75,000 or greater",,,,,25.952451004349737,20461.0,income
NH,Data not reported,,,,,26.17149419729207,16544.0,income
NH,"Less than $15,000",,,,,36.81476115010187,4417.0,income
NJ,"$15,000 - $24,999",,,,,30.618251091218468,13517.0,income
NJ,"$25,000 - $34,999",,,,,30.819059929494713,8510.0,income
NJ,"$35,000 - $49,999",,,,,29.518909024345596,10926.0,income
NJ,"$50,000 - $74,999",,,,,28.07577648560488,14102.0,income
NJ,"$75,000 or greater",,,,,23.867074593733104,35137.0,income
NJ,Data not reported,,,,,23.291126144050935,25130.0,income
NJ,"Less than $15,000",,,,,31.73280603193377,6764.0,income
NM,"$15,000 - $24,999",,,,,31.715648854961827,14934.0,income
NM,"$25,000 - $34,999",,,,,30.96847048777885,9369.0,income
NM,"$35,000 - $49,999",,,,,29.62640316951231,10601.0,income
NM,"$50,000 - $74,999",,,,,30.47549778761062,10848.0,income
NM,"$75,000 or greater",,,,,25.676972674240094,16285.0,income
NM,Data not reported,,,,,25.952886683209265,12090.0,income
NM,"Less than $15,000",,,,,33.43782911328559,9913.0,income
NV,"$15,000 - $24,999",,,,,27.798335315101074,5887.0,income
NV,"$25,000 - $34,999",,,,,31.05708511650024,4206.0,income
NV,"$35,000 - $49,999",,,,,29.349935436266378,5421.0,income
NV,"$50,000 - $74,999",,,,,27.87836157313851,6433.0,income
NV,"$75,000 or greater",,,,,26.096801864801865,10725.0,income
NV,Data not reported,,,,,26.141555475417718,8319.0,income
NV,"Less than $15,000",,,,,30.502970616725865,3097.0,income
NY,"$15,000 - $24,999",,,,,30.734124136866875,25923.0,income
NY,"$25,000 - $34,999",,,,,29.647849548538765,18717.0,income
NY,"$35,000 - $49,999",,,,,29.752372935341494,21977.0,income
NY,"$50,000 - $74,999",,,,,28.639888846301268,26090.0,income
NY,"$75,000 or greater",,,,,23.561463445193894,47887.0,income
NY,Data not reported,,,,,24.433953957023636,45653.0,income
NY,"Less than $15,000",,,,,32.8197597296959,15982.0,income
OH,"$15,000 - $24,999",,,,,36.41561431202315,22806.0,income
OH,"$25,000 - $34,999",,,,,35.38494107641842,16462.0,income
OH,"$35,000 - $49,999",,,,,35.532450195111934,19476.0,income
OH,"$50,000 - $74,999",,,,,35.176389668725434,21372.0,income
OH,"$75,000 or greater",,,,,30.36198811312128,30622.0,income
OH,Data not reported,,,,,30.64848115477145,31175.0,income
OH,"Less than $15,000",,,,,37.70926489429853,12488.0,income
OK,"$15,000 - $24,999",,,,,37.44019323671498,12420.0,income
OK,"$25,000 - $34,999",,,,,35.01615218134184,8779.0,income
OK,"$35,000 - $49,999",,,,,36.79189066059226,10975.0,income
OK,"$50,000 - $74,999",,,,,36.50962257432793,11234.0,income
OK,"$75,000 or greater",,,,,32.31924139663401,15924.0,income
OK,Data not reported,,,,,31.37767632658462,15114.0,income
OK,"Less than $15,000",,,,,37.235569795200405,7959.0,income
OR,"$15,000 - $24,999",,,,,32.63425151092515,8604.0,income
OR,"$25,000 - $34,999",,,,,29.60189529283828,6437.0,income
OR,"$35,000 - $49,999",,,,,31.270923656927422,8488.0,income
OR,"$50,000 - $74,999",,,,,29.634406165004535,8824.0,income
OR,"$75,000 or greater",,,,,25.952983552212164,15686.0,income
OR,Data not reported,,,,,26.540948189637927,14997.0,income
OR,"Less than $15,000",,,,,34.84636526588329,5021.0,income
PA,"$15,000 - $24,999",,,,,34.144097448131284,13833.0,income
PA,"$25,000 - $34,999",,,,,32.59835855894266,9382.0,income
PA,"$35,000 - $49,999",,,,,32.595418360433605,11808.0,income
PA,"$50,000 - $74,999",,,,,32.43442145364906,13387.0,income
PA,"$75,000 or greater",,,,,26.533576797316233,23549.0,income
PA,Data not reported,,,,,26.597344961240307,15480.0,income
PA,"Less than $15,000",,,,,36.64387073259628,8231.0,income
PR,"$15,000 - $24,999",,,,,33.07158146845296,13361.0,income
PR,"$25,000 - $34,999",,,,,30.93227573182247,5295.0,income
PR,"$35,000 - $49,999",,,,,31.482061546159624,3997.0,income
PR,"$50,000 - $74,999",,,,,31.07911149081589,2341.0,income
PR,"$75,000 or greater",,,,,28.432471728594507,1857.0,income
PR,Data not reported,,,,,28.103031819091456,9994.0,income
PR,"Less than $15,000",,,,,33.423673805601325,18210.0,income
RI,"$15,000 - $24,999",,,,,31.744585039077034,8061.0,income
RI,"$25,000 - $34,999",,,,,31.49657083477658,5774.0,income
RI,"$35,000 - $49,999",,,,,30.087850847457624,7375.0,income
RI,"$50,000 - $74,999",,,,,29.188969490078943,9374.0,income
RI,"$75,000 or greater",,,,,25.15101417666303,18340.0,income
RI,Data not reported,,,,,25.421631342324982,15570.0,income
RI,"Less than $15,000",,,,,34.31499338249197,5289.0,income
SC,"$15,000 - $24,999",,,,,37.084646992902506,18739.0,income
SC,"$25,000 - $34,999",,,,,36.42514086183636,12601.0,income
SC,"$35,000 - $49,999",,,,,34.22197651663405,15330.0,income
SC,"$50,000 - $74,999",,,,,34.02246821705427,16125.0,income
SC,"$75,000 or greater",,,,,28.92323658454269,23704.0,income
SC,Data not reported,,,,,28.808420800574687,25057.0,income
SC,"Less than $15,000",,,,,39.38576366559485,12440.0,income
SD,"$15,000 - $24,999",,,,,33.35823739579198,10076.0,income
SD,"$25,000 - $34,999",,,,,33.844205279256826,8827.0,income
SD,"$35,000 - $49,999",,,,,32.78221709006929,12124.0,income
SD,"$50,000 - $74,999",,,,,33.46450956757571,13274.0,income
SD,"$75,000 or greater",,,,,30.457299024554324,17838.0,income
SD,Data not reported,,,,,28.708225862669916,17214.0,income
SD,"Less than $15,000",,,,,34.78925358213929,6002.0,income
TN,"$15,000 - $24,999",,,,,36.70887209627764,10719.0,income
TN,"$25,000 - $34,999",,,,,35.056659651232714,6652.0,income
TN,"$35,000 - $49,999",,,,,36.016762230084176,8197.0,income
TN,"$50,000 - $74,999",,,,,35.94586751561161,8167.0,income
TN,"$75,000 or greater",,,,,31.83034071550255,11740.0,income
TN,Data not reported,,,,,29.825056358573132,15082.0,income
TN,"Less than $15,000",,,,,37.77349853002939,7143.0,income
TX,"$15,000 - $24,999",,,,,36.58120374938333,20270.0,income
TX,"$25,000 - $34,999",,,,,35.06437541799808,13457.0,income
TX,"$35,000 - $49,999",,,,,33.57912350097319,15927.0,income
TX,"$50,000 - $74,999",,,,,35.07535376044569,17950.0,income
TX,"$75,000 or greater",,,,,29.24867485845079,33204.0,income
TX,Data not reported,,,,,29.844869124487946,28806.0,income
TX,"Less than $15,000",,,,,39.6189859839817,13984.0,income
US,"$15,000 - $24,999",,,,,33.929314466985836,685948.0,income
US,"$25,000 - $34,999",,,,,32.71904387955129,505543.0,income
US,"$35,000 - $49,999",,,,,32.01770829795708,647798.0,income
US,"$50,000 - $74,999",,,,,31.65228793445658,741127.0,income
US,"$75,000 or greater",,,,,26.507095419886443,1268593.0,income
US,Data not reported,,,,,26.94156068332919,1053782.0,income
US,"Less than $15,000",,,,,35.111418419306425,420461.0,income
UT,"$15,000 - $24,999",,,,,28.18266089202948,13161.0,income
UT,"$25,000 - $34,999",,,,,29.262359744519248,11586.0,income
UT,"$35,000 - $49,999",,,,,29.401767464229888,16634.0,income
UT,"$50,000 - $74,999",,,,,28.70300398442047,22337.0,income
UT,"$75,000 or greater",,,,,25.130064647165188,40373.0,income
UT,Data not reported,,,,,24.406459882081517,27307.0,income
UT,"Less than $15,000",,,,,27.867170206401436,6686.0,income
VA,"$15,000 - $24,999",,,,,35.572555928869946,12203.0,income
VA,"$25,000 - $34,999",,,,,33.8104355419714,9161.0,income
VA,"$35,000 - $49,999",,,,,33.2965112406328,12010.0,income
VA,"$50,000 - $74,999",,,,,31.90494270329974,14486.0,income
VA,"$75,000 or greater",,,,,27.333089863502657,30257.0,income
VA,Data not reported,,,,,27.69533315349339,22242.0,income
VA,"Less than $15,000",,,,,37.81984744707347,6424.0,income
VI,"$15,000 - $24,999",,,,,29.17246835443038,632.0,income
VI,"$25,000 - $34,999",,,,,32.758915834522114,701.0,income
VI,"$35,000 - $49,999",,,,,40.19655172413793,812.0,income
VI,"$50,000 - $74,999",,,,,34.83204819277108,830.0,income
VI,"$75,000 or greater",,,,,42.265571205007824,639.0,income
VI,Data not reported,,,,,26.714175753688263,1559.0,income
VI,"Less than $15,000",,,,,35.37759562841531,549.0,income
VT,"$15,000 - $24,999",,,,,31.509833734412602,9142.0,income
VT,"$25,000 - $34,999",,,,,29.332968685901815,7313.0,income
VT,"$35,000 - $49,999",,,,,28.069277402952967,10227.0,income
VT,"$50,000 - $74,999",,,,,28.05461437301772,12927.0,income
VT,"$75,000 or greater",,,,,22.505725171188796,19423.0,income
VT,Data not reported,,,,,23.316290018832394,16992.0,income
VT,"Less than $15,000",,,,,31.941791907514457,5190.0,income
WA,"$15,000 - $24,999",,,,,31.819748211731042,17475.0,income
WA,"$25,000 - $34,999",,,,,30.872047143223163,15612.0,income
WA,"$35,000 - $49,999",,,,,31.460074916632404,21891.0,income
WA,"$50,000 - $74,999",,,,,30.579296630454795,27155.0,income
WA,"$75,000 or greater",,,,,25.73483533288819,46427.0,income
WA,Data not reported,,,,,25.56716599569329,42724.0,income
WA,"Less than $15,000",,,,,34.551235824367545,10317.0,income
WI,"$15,000 - $24,999",,,,,35.18497948563995,9993.0,income
WI,"$25,000 - $34,999",,,,,35.10799908842297,8776.0,income
WI,"$35,000 - $49,999",,,,,34.23861258946595,10898.0,income
WI,"$50,000 - $74,999",,,,,33.47526344547654,12811.0,income
WI,"$75,000 or greater",,,,,29.852115552961774,17135.0,income
WI,Data not reported,,,,,31.140131490674896,14906.0,income
WI,"Less than $15,000",,,,,36.25257566646622,4989.0,income
WV,"$15,000 - $24,999",,,,,39.782293577981655,10900.0,income
WV,"$25,000 - $34,999",,,,,39.4827817032354,8067.0,income
WV,"$35,000 - $49,999",,,,,38.37217305801377,9153.0,income
WV,"$50,000 - $74,999",,,,,39.869510394183806,8803.0,income
WV,"$75,000 or greater",,,,,35.919429920728625,11858.0,income
WV,Data not reported,,,,,33.6140697218958,12765.0,income
WV,"Less than $15,000",,,,,38.28482362592289,7314.0,income
WY,"$15,000 - $24,999",,,,,30.93543180978194,8117.0,income
WY,"$25,000 - $34,999",,,,,29.002486848397897,6273.0,income
WY,"$35,000 - $49,999",,,,,29.461992840095462,8380.0,income
WY,"$50,000 - $74,999",,,,,30.304615538646377,9988.0,income
WY,"$75,000 or greater",,,,,26.98511819250359,15314.0,income
WY,Data not reported,,,,,27.428691184424014,11094.0,income
WY,"Less than $15,000",,,,,32.149822743386956,3667.0,income
AK,,Female,,,,30.745860079629473,24614.0,sex
AK,,Male,,,,30.967839850266508,24577.0,sex
AL,,Female,,,,36.101109453854484,48943.0,sex
AL,,Male,,,,34.8029842289168,31767.0,sex
AR,,Female,,,,37.185737265415554,37300.0,sex
AR,,Male,,,,34.934004150189885,25541.0,sex
AZ,,Female,,,,29.34493222040918,63736.0,sex
AZ,,Male,,,,30.048760501437783,53207.0,sex
CA,,Female,,,,25.51947311364885,67339.0,sex
CA,,Male,,,,25.618429035921533,64279.0,sex
CO,,Female,,,,22.36844285313114,71220.0,sex
CO,,Male,,,,22.4414825559203,65495.0,sex
CT,,Female,,,,26.49362539617626,58686.0,sex
CT,,Male,,,,28.062357692993046,50507.0,sex
DC,,Female,,,,26.840909090909086,26026.0,sex
DC,,Male,,,,19.379257729882163,19858.0,sex
DE,,Female,,,,32.915911536992674,28803.0,sex
DE,,Male,,,,31.414119040308787,22799.0,sex
FL,,Female,,,,27.00779664596393,104173.0,sex
FL,,Male,,,,28.660989755674677,81899.0,sex
GA,,Female,,,,33.716720721433376,50566.0,sex
GA,,Male,,,,30.738409349905915,37733.0,sex
GU,,Female,,,,31.05751385417799,9203.0,sex
GU,,Male,,,,33.155956258724984,8596.0,sex
HI,,Female,,,,21.63769115141798,49895.0,sex
HI,,Male,,,,26.14396490918709,45368.0,sex
IA,,Female,,,,33.14369665513264,52020.0,sex
IA,,Male,,,,34.77374952352717,47222.0,sex
ID,,Female,,,,29.03577515118197,36380.0,sex
ID,,Male,,,,29.975003112162323,32132.0,sex
IL,,Female,,,,31.27361905626683,33039.0,sex
IL,,Male,,,,30.77301495972382,27808.0,sex
IN,,Female,,,,34.518884602770534,64031.0,sex
IN,,Male,,,,33.499690613325036,51392.0,sex
KS,,Female,,,,32.617935567901995,98274.0,sex
KS,,Male,,,,32.924908651614516,84019.0,sex
KY,,Female,,,,33.60158074622615,56176.0,sex
KY,,Male,,,,34.4915126202078,38787.0,sex
LA,,Female,,,,37.23069655687226,42868.0,sex
LA,,Male,,,,34.828081251715616,29144.0,sex
MA,,Female,,,,23.053956698496734,74039.0,sex
MA,,Male,,,,25.682791998279203,60437.0,sex
MD,,Female,,,,32.0674043356873,97424.0,sex
MD,,Male,,,,29.74523479843336,75831.0,sex
ME,,Female,,,,29.796914685431155,72051.0,sex
ME,,Male,,,,30.75806835965287,56232.0,sex
MI,,Female,,,,33.40473103180412,66941.0,sex
MI,,Male,,,,32.363470941165936,55835.0,sex
MN,,Female,,,,27.14119430885865,96290.0,sex
MN,,Male,,,,30.85466381193365,92478.0,sex
MO,,Female,,,,33.45158502572966,50914.0,sex
MO,,Male,,,,33.14140533696923,41072.0,sex
MS,,Female,,,,39.5221148220095,42727.0,sex
MS,,Male,,,,34.91251539074383,27614.0,sex
MT,,Female,,,,26.010821536060643,44855.0,sex
MT,,Male,,,,27.441489462918035,42042.0,sex
NC,,Female,,,,32.398929896860274,43921.0,sex
NC,,Male,,,,30.22164429049896,34933.0,sex
ND,,Female,,,,30.54234061475182,35982.0,sex
ND,,Male,,,,34.60406276100704,33524.0,sex
NE,,Female,,,,31.150322604229494,109422.0,sex
NE,,Male,,,,32.77430683095691,89841.0,sex
NH,,Female,,,,26.94715910439965,42117.0,sex
NH,,Male,,,,30.32732224520113,34331.0,sex
NJ,,Female,,,,24.873131563687906,62084.0,sex
NJ,,Male,,,,28.01808776585516,52002.0,sex
NM,,Female,,,,29.776050519105205,46715.0,sex
NM,,Male,,,,29.16080233679923,37316.0,sex
NV,,Female,,,,27.183613038906415,23775.0,sex
NV,,Male,,,,28.344678022843638,20312.0,sex
NY,,Female,,,,26.983230355250942,106657.0,sex
NY,,Male,,,,27.09964745136717,95306.0,sex
OH,,Female,,,,33.79230796028567,86115.0,sex
OH,,Male,,,,33.49148556030695,68284.0,sex
OK,,Female,,,,34.921905406548774,47276.0,sex
OK,,Male,,,,34.74674182252968,35127.0,sex
OR,,Female,,,,29.192256741401767,36083.0,sex
OR,,Male,,,,29.053124511550845,31989.0,sex
PA,,Female,,,,30.042919688319703,51848.0,sex
PA,,Male,,,,30.883663965300762,43805.0,sex
PR,,Female,,,,33.216858508942806,33882.0,sex
PR,,Male,,,,30.18673720007557,21172.0,sex
RI,,Female,,,,26.96437677234755,39143.0,sex
RI,,Male,,,,29.495764068062314,30619.0,sex
SC,,Female,,,,34.93546032560659,70146.0,sex
SC,,Male,,,,31.56319748866929,53836.0,sex
SD,,Female,,,,30.338132007154385,45846.0,sex
SD,,Male,,,,33.21720925522757,39502.0,sex
TN,,Female,,,,34.54996374935267,38620.0,sex
TN,,Male,,,,33.60153099841739,29066.0,sex
TX,,Female,,,,33.444194312796206,79336.0,sex
TX,,Male,,,,32.89285947890549,64211.0,sex
US,,Female,,,,30.22694654196324,2907271.0,sex
US,,Male,,,,30.131802736721976,2415006.0,sex
UT,,Female,,,,26.310359293399163,70082.0,sex
UT,,Male,,,,27.338095588451687,67958.0,sex
VA,,Female,,,,31.35831296673455,58920.0,sex
VA,,Male,,,,30.1461324697033,47860.0,sex
VI,,Female,,,,40.10863354037267,3220.0,sex
VI,,Male,,,,25.22569944044764,2502.0,sex
VT,,Female,,,,25.95346763843051,43632.0,sex
VT,,Male,,,,26.9059097564222,37565.0,sex
WA,,Female,,,,28.112383997993483,95688.0,sex
WA,,Male,,,,28.893633844147377,85876.0,sex
WI,,Female,,,,32.613424729639206,41796.0,sex
WI,,Male,,,,32.82255515485787,37712.0,sex
WV,,Female,,,,37.304199426753264,38029.0,sex
WV,,Male,,,,37.90131685641076,30831.0,sex
WY,,Female,,,,28.653532326841077,34708.0,sex
WY,,Male,,,,29.262161777777784,28125.0,sex
AK,,,18 - 24,,,18.71745345744681,3008.0,age
AK,,,25 - 34,,,28.48288409703504,5936.0,age
AK,,,35 - 44,,,34.343815513626836,7155.0,age
AK,,,45 - 54,,,36.18855528081951,8493.0,age
AK,,,55 - 64,,,33.55389318467902,11122.0,age
AK,,,65 or older,,,31.04193668252081,13456.0,age
AL,,,18 - 24,,,22.295417590539547,4059.0,age
AL,,,25 - 34,,,35.59062166488794,7496.0,age
AL,,,35 - 44,,,40.534290980052035,9224.0,age
AL,,,45 - 54,,,42.098591549295776,12851.0,age
AL,,,55 - 64,,,40.40077917678279,17711.0,age
AL,,,65 or older,,,30.274497902956323,29327.0,age
AR,,,18 - 24,,,25.87262065854759,2217.0,age
AR,,,25 - 34,,,36.3031649988364,4297.0,age
AR,,,35 - 44,,,41.971722319859396,5690.0,age
AR,,,45 - 54,,,42.27694483734088,8484.0,age
AR,,,55 - 64,,,40.086322590689704,12846.0,age
AR,,,65 or older,,,30.046911388082634,29285.0,age
AZ,,,18 - 24,,,18.56257062146893,5664.0,age
AZ,,,25 - 34,,,30.49401780169737,9662.0,age
AZ,,,35 - 44,,,33.82052307446212,12503.0,age
AZ,,,45 - 54,,,35.361174253935445,16453.0,age
AZ,,,55 - 64,,,34.22031762471949,23172.0,age
AZ,,,65 or older,,,25.828628037685494,49462.0,age
CA,,,18 - 24,,,14.17458193979933,11063.0,age
CA,,,25 - 34,,,25.018800765688862,19329.0,age
CA,,,35 - 44,,,28.739220195206705,19569.0,age
CA,,,45 - 54,,,30.24208217368744,21199.0,age
CA,,,55 - 64,,,29.76381543775959,24317.0,age
CA,,,65 or older,,,23.06153846153846,36140.0,age
CO,,,18 - 24,,,12.447863027806385,7768.0,age
CO,,,25 - 34,,,20.489611508883584,15084.0,age
CO,,,35 - 44,,,24.712909759607697,18761.0,age
CO,,,45 - 54,,,26.853570488639352,22798.0,age
CO,,,55 - 64,,,26.281000652898527,29101.0,age
CO,,,65 or older,,,21.463532492815425,43148.0,age
CT,,,18 - 24,,,15.043185328185327,5180.0,age
CT,,,25 - 34,,,27.586443680316762,9597.0,age
CT,,,35 - 44,,,29.72891010093107,12781.0,age
CT,,,45 - 54,,,31.1341124715111,18867.0,age
CT,,,55 - 64,,,31.19705965393458,24793.0,age
CT,,,65 or older,,,26.5232829760869,37929.0,age
DC,,,18 - 24,,,14.935221238938054,1695.0,age
DC,,,25 - 34,,,17.942646502835537,5290.0,age
DC,,,35 - 44,,,24.34351549120349,6423.0,age
DC,,,45 - 54,,,30.986478873239435,7455.0,age
DC,,,55 - 64,,,31.341915775692776,9166.0,age
DC,,,65 or older,,,24.681924050632905,15800.0,age
DE,,,18 - 24,,,17.76153307665383,2857.0,age
DE,,,25 - 34,,,29.728557033454255,4962.0,age
DE,,,35 - 44,,,35.36784810126582,5925.0,age
DE,,,45 - 54,,,37.443262758536285,8171.0,age
DE,,,55 - 64,,,37.38470695970697,10920.0,age
DE,,,65 or older,,,31.48293112653497,18730.0,age
FL,,,18 - 24,,,15.529030458551825,8963.0,age
FL,,,25 - 34,,,26.38061622223597,16163.0,age
FL,,,35 - 44,,,30.557322039420104,18417.0,age
FL,,,45 - 54,,,33.802437452615614,26380.0,age
FL,,,55 - 64,,,31.748501902771075,37314.0,age
FL,,,65 or older,,,25.999606509101067,78782.0,age
GA,,,18 - 24,,,19.067279632220668,5003.0,age
GA,,,25 - 34,,,30.9956357820176,8753.0,age
GA,,,35 - 44,,,35.79024826029717,10634.0,age
GA,,,45 - 54,,,38.05923071533665,14273.0,age
GA,,,55 - 64,,,37.36119578617056,17846.0,age
GA,,,65 or older,,,29.542461741923294,31758.0,age
GU,,,18 - 24,,,23.06888763410502,1771.0,age
GU,,,25 - 34,,,37.44302075876879,2794.0,age
GU,,,35 - 44,,,34.47712418300653,2907.0,age
GU,,,45 - 54,,,37.09858731590021,3327.0,age
GU,,,55 - 64,,,30.902567128946593,3389.0,age
GU,,,65 or older,,,22.691082802547772,3611.0,age
HI,,,18 - 24,,,17.07917648907748,6363.0,age
HI,,,25 - 34,,,26.321955113156164,10649.0,age
HI,,,35 - 44,,,29.432350073135055,12306.0,age
HI,,,45 - 54,,,29.447316062176164,14475.0,age
HI,,,55 - 64,,,24.69543859649123,19380.0,age
HI,,,65 or older,,,17.437684006986025,32064.0,age
IA,,,18 - 24,,,20.506662646970156,6634.0,age
IA,,,25 - 34,,,33.45211677367576,9968.0,age
IA,,,35 - 44,,,38.470102432778496,12496.0,age
IA,,,45 - 54,,,39.89924535730691,15239.0,age
IA,,,55 - 64,,,39.05685643937491,19901.0,age
IA,,,65 or older,,,32.26418609967993,34992.0,age
ID,,,18 - 24,,,18.359645079511406,4339.0,age
ID,,,25 - 34,,,29.018080201201624,7157.0,age
ID,,,35 - 44,,,32.06426981300089,8984.0,age
ID,,,45 - 54,,,35.52120979356698,10415.0,age
ID,,,55 - 64,,,33.72930051035725,13324.0,age
ID,,,65 or older,,,27.82570463161364,24268.0,age
IL,,,18 - 24,,,16.25261810565511,4297.0,age
IL,,,25 - 34,,,27.980487110098274,7021.0,age
IL,,,35 - 44,,,34.72278924327705,7995.0,age
IL,,,45 - 54,,,36.12871227965342,10041.0,age
IL,,,55 - 64,,,37.10544537815126,11900.0,age
IL,,,65 or older,,,30.94330065359477,19584.0,age
IN,,,18 - 24,,,21.85431505714759,6037.0,age
IN,,,25 - 34,,,33.724242424242426,10296.0,age
IN,,,35 - 44,,,36.98967477825791,13191.0,age
IN,,,45 - 54,,,39.55713821842192,18478.0,age
IN,,,55 - 64,,,39.03385849094811,24691.0,age
IN,,,65 or older,,,31.812021358814025,42699.0,age
KS,,,18 - 24,,,20.600517617144934,11012.0,age
KS,,,25 - 34,,,32.49022740586888,18777.0,age
KS,,,35 - 44,,,37.48146241902564,22538.0,age
KS,,,45 - 54,,,37.92783710914248,28559.0,age
KS,,,55 - 64,,,38.11787072243345,38398.0,age
KS,,,65 or older,,,29.43302111446261,62990.0,age
KY,,,18 - 24,,,20.384960974681135,5253.0,age
KY,,,25 - 34,,,33.78468244084682,8833.0,age
KY,,,35 - 44,,,38.99461088618983,11115.0,age
KY,,,45 - 54,,,40.111161939615734,16395.0,age
KY,,,55 - 64,,,38.62473103511422,21843.0,age
KY,,,65 or older,,,30.051886672595604,31484.0,age
LA,,,18 - 24,,,22.708823529411763,3910.0,age
LA,,,25 - 34,,,34.291727733934614,7096.0,age
LA,,,35 - 44,,,41.642379392159086,8851.0,age
LA,,,45 - 54,,,42.539087618887294,11881.0,age
LA,,,55 - 64,,,40.69067743551214,15972.0,age
LA,,,65 or older,,,32.861448809817965,24282.0,age
MA,,,18 - 24,,,12.839975278121138,8090.0,age
MA,,,25 - 34,,,22.150824628916986,14552.0,age
MA,,,35 - 44,,,26.12518717828732,17096.0,age
MA,,,45 - 54,,,28.47522720609792,23877.0,age
MA,,,55 - 64,,,29.348022043595765,28489.0,age
MA,,,65 or older,,,24.749350803203335,42206.0,age
MD,,,18 - 24,,,17.545469798657717,6556.0,age
MD,,,25 - 34,,,29.010230877037692,13557.0,age
MD,,,35 - 44,,,34.30680248096415,19831.0,age
MD,,,45 - 54,,,36.46518798557159,28832.0,age
MD,,,55 - 64,,,35.78160012500977,38397.0,age
MD,,,65 or older,,,29.08879461850797,66004.0,age
ME,,,18 - 24,,,18.399724867724867,4725.0,age
ME,,,25 - 34,,,28.97499464323977,9334.0,age
ME,,,35 - 44,,,33.12381538461539,13000.0,age
ME,,,45 - 54,,,35.9097078905488,19479.0,age
ME,,,55 - 64,,,33.924656121045395,29080.0,age
ME,,,65 or older,,,27.62921770839268,52653.0,age
MI,,,18 - 24,,,18.506261578362356,8097.0,age
MI,,,25 - 34,,,31.562315987675458,11684.0,age
MI,,,35 - 44,,,36.273564213564214,13860.0,age
MI,,,45 - 54,,,38.156249036831554,19467.0,age
MI,,,55 - 64,,,37.697264251872234,26172.0,age
MI,,,65 or older,,,31.959695651172964,43437.0,age
MN,,,18 - 24,,,16.668167098445597,12352.0,age
MN,,,25 - 34,,,26.124081844326053,21211.0,age
MN,,,35 - 44,,,31.7493234744826,26237.0,age
MN,,,45 - 54,,,33.544357782422864,32053.0,age
MN,,,55 - 64,,,34.01189952511872,40010.0,age
MN,,,65 or older,,,29.08430576070901,56868.0,age
MO,,,18 - 24,,,20.71048113038812,5591.0,age
MO,,,25 - 34,,,31.856533506549745,9237.0,age
MO,,,35 - 44,,,37.57775611658056,10259.0,age
MO,,,45 - 54,,,39.59607494630823,13503.0,age
MO,,,55 - 64,,,38.324971231300346,18249.0,age
MO,,,65 or older,,,30.252558881326,35113.0,age
MS,,,18 - 24,,,25.817703722988806,3841.0,age
MS,,,25 - 34,,,37.946164119305536,6739.0,age
MS,,,35 - 44,,,42.95744398940015,8302.0,age
MS,,,45 - 54,,,44.08050427735254,11105.0,age
MS,,,55 - 64,,,41.08421957671957,15120.0,age
MS,,,65 or older,,,31.054537158274808,25203.0,age
MT,,,18 - 24,,,15.381098546041999,4952.0,age
MT,,,25 - 34,,,25.39385653409091,8448.0,age
MT,,,35 - 44,,,29.301992155243603,9688.0,age
MT,,,45 - 54,,,31.463182290417965,12513.0,age
MT,,,55 - 64,,,30.812722189988925,18959.0,age
MT,,,65 or older,,,25.7051051980198,32320.0,age
NC,,,18 - 24,,,18.872092067406495,4866.0,age
NC,,,25 - 34,,,30.140947379936552,9141.0,age
NC,,,35 - 44,,,34.466171693735504,10775.0,age
NC,,,45 - 54,,,37.36455395576666,13474.0,age
NC,,,55 - 64,,,36.519337890872265,15798.0,age
NC,,,65 or older,,,27.963945028294262,24740.0,age
ND,,,18 - 24,,,18.528444802578566,3723.0,age
ND,,,25 - 34,,,30.91503035687842,6753.0,age
ND,,,35 - 44,,,39.11732159285057,7609.0,age
ND,,,45 - 54,,,38.48444,10000.0,age
ND,,,55 - 64,,,37.68162226482449,15127.0,age
ND,,,65 or older,,,31.69476348137154,26277.0,age
NE,,,18 - 24,,,17.656638276553107,11976.0,age
NE,,,25 - 34,,,29.965704651393434,20166.0,age
NE,,,35 - 44,,,35.65393964794635,23860.0,age
NE,,,45 - 54,,,37.41119122677577,29818.0,age
NE,,,55 - 64,,,38.14352805288639,40691.0,age
NE,,,65 or older,,,30.95621337588379,72698.0,age
NH,,,18 - 24,,,15.764339250493096,2535.0,age
NH,,,25 - 34,,,27.293770747900805,5121.0,age
NH,,,35 - 44,,,32.7680127671385,7206.0,age
NH,,,45 - 54,,,32.84273611810098,11922.0,age
NH,,,55 - 64,,,31.56513640531866,17448.0,age
NH,,,65 or older,,,27.11570327552986,32178.0,age
NJ,,,18 - 24,,,13.58856378532018,5981.0,age
NJ,,,25 - 34,,,24.60598385989011,11648.0,age
NJ,,,35 - 44,,,28.677424087777496,15676.0,age
NJ,,,45 - 54,,,30.175485586740756,21057.0,age
NJ,,,55 - 64,,,30.758983703218412,24422.0,age
NJ,,,65 or older,,,26.71554689943419,35171.0,age
NM,,,18 - 24,,,19.37851383743735,4589.0,age
NM,,,25 - 34,,,32.05961675791478,8402.0,age
NM,,,35 - 44,,,35.331417701241485,9988.0,age
NM,,,45 - 54,,,35.29644745024876,12864.0,age
NM,,,55 - 64,,,31.894055259436527,18386.0,age
NM,,,65 or older,,,22.83577309540612,29757.0,age
NV,,,18 - 24,,,15.655567567567566,2775.0,age
NV,,,25 - 34,,,28.07533167495854,4824.0,age
NV,,,35 - 44,,,31.09380675626589,5506.0,age
NV,,,45 - 54,,,32.53184301322599,6956.0,age
NV,,,55 - 64,,,30.44054971157109,8841.0,age
NV,,,65 or older,,,25.313281353244353,15134.0,age
NY,,,18 - 24,,,15.956065921514236,12257.0,age
NY,,,25 - 34,,,24.0170407534548,22722.0,age
NY,,,35 - 44,,,29.77623722539632,24854.0,age
NY,,,45 - 54,,,32.25840960924434,32885.0,age
NY,,,55 - 64,,,31.800612123377395,41985.0,age
NY,,,65 or older,,,26.07177989593679,67459.0,age
OH,,,18 - 24,,,19.663630380413323,7597.0,age
OH,,,25 - 34,,,31.78943841503387,13729.0,age
OH,,,35 - 44,,,37.55568071912158,17577.0,age
OH,,,45 - 54,,,39.748364543298706,24458.0,age
OH,,,55 - 64,,,38.68949901681684,34073.0,age
OH,,,65 or older,,,32.009204491538824,56907.0,age
OK,,,18 - 24,,,25.142310486800678,4129.0,age
OK,,,25 - 34,,,34.06487282147904,8492.0,age
OK,,,35 - 44,,,39.577043962601955,10054.0,age
OK,,,45 - 54,,,41.37734362307067,12310.0,age
OK,,,55 - 64,,,39.19962776176752,16656.0,age
OK,,,65 or older,,,29.704871703144818,30749.0,age
OR,,,18 - 24,,,16.32891481913652,4285.0,age
OR,,,25 - 34,,,28.37709155736661,7853.0,age
OR,,,35 - 44,,,32.00409746503497,9152.0,age
OR,,,45 - 54,,,34.33327370304115,10621.0,age
OR,,,55 - 64,,,33.53409057383095,13558.0,age
OR,,,65 or older,,,27.435548275709415,22589.0,age
PA,,,18 - 24,,,17.025777991658646,6234.0,age
PA,,,25 - 34,,,27.90112052730697,10620.0,age
PA,,,35 - 44,,,33.67914889988061,11726.0,age
PA,,,45 - 54,,,35.22163192522905,16263.0,age
PA,,,55 - 64,,,35.50772427279393,20455.0,age
PA,,,65 or older,,,29.989580782847504,30223.0,age
PR,,,18 - 24,,,19.049339207048458,3859.0,age
PR,,,25 - 34,,,30.731606749816585,6815.0,age
PR,,,35 - 44,,,37.53711500974659,7695.0,age
PR,,,45 - 54,,,40.18311337420762,9623.0,age
PR,,,55 - 64,,,37.74407926074116,10497.0,age
PR,,,65 or older,,,25.312652420620545,16566.0,age
RI,,,18 - 24,,,16.726972598217234,3029.0,age
RI,,,25 - 34,,,28.98219765715228,6061.0,age
RI,,,35 - 44,,,31.58491315136476,8060.0,age
RI,,,45 - 54,,,32.523358661316486,11713.0,age
RI,,,55 - 64,,,31.961766332739227,16271.0,age
RI,,,65 or older,,,26.288005040240634,24602.0,age
SC,,,18 - 24,,,20.29747569503667,5863.0,age
SC,,,25 - 34,,,32.3546761211192,10436.0,age
SC,,,35 - 44,,,38.232521923193225,13228.0,age
SC,,,45 - 54,,,40.21738594988221,18676.0,age
SC,,,55 - 64,,,37.51245703811197,26186.0,age
SC,,,65 or older,,,29.23901291885345,49540.0,age
SD,,,18 - 24,,,17.312932924156073,4562.0,age
SD,,,25 - 34,,,30.947792571829012,8562.0,age
SD,,,35 - 44,,,35.855820925352255,10007.0,age
SD,,,45 - 54,,,37.405023524055245,13178.0,age
SD,,,55 - 64,,,37.792794968270904,17807.0,age
SD,,,65 or older,,,29.72774770157286,31217.0,age
TN,,,18 - 24,,,21.383784538096563,3583.0,age
TN,,,25 - 34,,,33.57524420469456,6859.0,age
TN,,,35 - 44,,,39.55254110612855,8028.0,age
TN,,,45 - 54,,,40.89879996470484,11333.0,age
TN,,,55 - 64,,,38.75335995593501,14524.0,age
TN,,,65 or older,,,29.0238539970868,23342.0,age
TX,,,18 - 24,,,19.996160898464364,8726.0,age
TX,,,25 - 34,,,31.847525473071325,16488.0,age
TX,,,35 - 44,,,36.20357861302277,18890.0,age
TX,,,45 - 54,,,40.070862794236106,22346.0,age
TX,,,55 - 64,,,38.590877708409835,27230.0,age
TX,,,65 or older,,,30.385586813980062,49871.0,age
US,,,18 - 24,,,17.64847082569674,296271.0,age
US,,,25 - 34,,,28.652173994696476,532476.0,age
US,,,35 - 44,,,33.588843346980475,647999.0,age
US,,,45 - 54,,,35.63007127095524,843822.0,age
US,,,55 - 64,,,34.97135032985833,1117601.0,age
US,,,65 or older,,,28.19775904010013,1882363.0,age
UT,,,18 - 24,,,14.073837209302326,11696.0,age
UT,,,25 - 34,,,25.15750139998982,19643.0,age
UT,,,35 - 44,,,30.001451258448398,24117.0,age
UT,,,45 - 54,,,32.792976012333924,22053.0,age
UT,,,55 - 64,,,33.401169365201746,23346.0,age
UT,,,65 or older,,,27.52339979013641,37167.0,age
VA,,,18 - 24,,,17.557943760984184,5690.0,age
VA,,,25 - 34,,,28.057574647371318,10918.0,age
VA,,,35 - 44,,,33.32592592592592,12987.0,age
VA,,,45 - 54,,,36.52149768134196,17467.0,age
VA,,,55 - 64,,,36.342454085706684,22542.0,age
VA,,,65 or older,,,29.53041006573984,37116.0,age
VI,,,18 - 24,,,16.177898550724635,276.0,age
VI,,,25 - 34,,,31.55995423340961,437.0,age
VI,,,35 - 44,,,36.42971428571428,525.0,age
VI,,,45 - 54,,,45.760000000000005,980.0,age
VI,,,55 - 64,,,38.94227340267459,1346.0,age
VI,,,65 or older,,,21.39179796107507,2158.0,age
VT,,,18 - 24,,,15.118369829683699,3288.0,age
VT,,,25 - 34,,,26.037637819060564,6621.0,age
VT,,,35 - 44,,,29.165943577687543,9358.0,age
VT,,,45 - 54,,,30.70317919075144,13494.0,age
VT,,,55 - 64,,,29.562075765438504,19270.0,age
VT,,,65 or older,,,25.74358394185608,29169.0,age
WA,,,18 - 24,,,16.675344644750798,9430.0,age
WA,,,25 - 34,,,27.129593135898144,18065.0,age
WA,,,35 - 44,,,31.696743859032388,22757.0,age
WA,,,45 - 54,,,33.194571994425296,27266.0,age
WA,,,55 - 64,,,32.43759798806753,37377.0,age
WA,,,65 or older,,,27.375618215395704,66603.0,age
WI,,,18 - 24,,,19.37926605504587,4360.0,age
WI,,,25 - 34,,,29.932215885380444,7189.0,age
WI,,,35 - 44,,,36.34601848758213,8979.0,age
WI,,,45 - 54,,,37.28223941368078,12280.0,age
WI,,,55 - 64,,,37.811574866005245,17538.0,age
WI,,,65 or older,,,32.04705297104432,29148.0,age
WV,,,18 - 24,,,24.30468606431853,3265.0,age
WV,,,25 - 34,,,36.924324324324324,6253.0,age
WV,,,35 - 44,,,42.40392039323822,8341.0,age
WV,,,45 - 54,,,44.904324903940676,11191.0,age
WV,,,55 - 64,,,41.99119618458366,15516.0,age
WV,,,65 or older,,,32.781973223480946,24275.0,age
WY,,,18 - 24,,,17.941240242844753,2306.0,age
WY,,,25 - 34,,,26.855625261396906,4782.0,age
WY,,,35 - 44,,,33.024374319912944,6433.0,age
WY,,,45 - 54,,,33.786514596383405,8461.0,age
WY,,,55 - 64,,,33.36966785042824,14361.0,age
WY,,,65 or older,,,26.40404960865126,26447.0,age
AK,,,,2 or more races,,32.11047191011235,2225.0,race_ethnicity
AK,,,,American Indian/Alaska Native,,36.15784543325526,6832.0,race_ethnicity
AK,,,,Asian,,22.36602809706258,783.0,race_ethnicity
AK,,,,Hispanic,,31.35332898172324,1532.0,race_ethnicity
AK,,,,Non-Hispanic Black,,39.63837209302325,516.0,race_ethnicity
AK,,,,Non-Hispanic White,,29.49885208078161,35107.0,race_ethnicity
AK,,,,Other,,28.782666666666668,225.0,race_ethnicity
AL,,,,2 or more races,,34.25448979591836,980.0,race_ethnicity
AL,,,,American Indian/Alaska Native,,36.41876484560571,842.0,race_ethnicity
AL,,,,Hispanic,,31.436136783733822,1082.0,race_ethnicity
AL,,,,Non-Hispanic Black,,44.879308329274224,20530.0,race_ethnicity
AL,,,,Non-Hispanic White,,32.6794186109457,55419.0,race_ethnicity
AL,,,,Other,,24.4,54.0,race_ethnicity
AR,,,,2 or more races,,36.6054586808188,1319.0,race_ethnicity
AR,,,,American Indian/Alaska Native,,35.051222351571596,859.0,race_ethnicity
AR,,,,Hispanic,,34.01632653061225,1519.0,race_ethnicity
AR,,,,Non-Hispanic Black,,44.75600565237871,8492.0,race_ethnicity
AR,,,,Non-Hispanic White,,34.80412280522454,48923.0,race_ethnicity
AR,,,,Other,,28.9,58.0,race_ethnicity
AZ,,,,2 or more races,,30.78060467769538,1753.0,race_ethnicity
AZ,,,,American Indian/Alaska Native,,46.5342911512845,5255.0,race_ethnicity
AZ,,,,Asian,,10.673267973856209,1530.0,race_ethnicity
AZ,,,,Hispanic,,35.84109620195588,17588.0,race_ethnicity
AZ,,,,Non-Hispanic Black,,35.70715557137771,2809.0,race_ethnicity
AZ,,,,Non-Hispanic White,,26.564601780429538,84137.0,race_ethnicity
AZ,,,,Other,,28.888742304309588,1137.0,race_ethnicity
CA,,,,2 or more races,,28.604145244215935,3112.0,race_ethnicity
CA,,,,American Indian/Alaska Native,,32.55148221343873,1012.0,race_ethnicity
CA,,,,Asian,,10.244199959440277,9862.0,race_ethnicity
CA,,,,Hawaiian/Pacific Islander,,27.663519313304718,233.0,race_ethnicity
CA,,,,Hispanic,,33.060059393300214,36031.0,race_ethnicity
CA,,,,Non-Hispanic Black,,35.3798573422236,6449.0,race_ethnicity
CA,,,,Non-Hispanic White,,23.455703533756747,71482.0,race_ethnicity
CA,,,,Other,,26.916548940464182,991.0,race_ethnicity
CO,,,,2 or more races,,24.250969529085875,2166.0,race_ethnicity
CO,,,,American Indian/Alaska Native,,28.804376163873368,1074.0,race_ethnicity
CO,,,,Asian,,8.78968023255814,2064.0,race_ethnicity
CO,,,,Hispanic,,29.01781213241472,17853.0,race_ethnicity
CO,,,,Non-Hispanic Black,,29.88638838475499,3306.0,race_ethnicity
CO,,,,Non-Hispanic White,,20.694936374277837,105932.0,race_ethnicity
CO,,,,Other,,24.80546282245827,659.0,race_ethnicity
CT,,,,2 or more races,,31.77708649468892,1318.0,race_ethnicity
CT,,,,American Indian/Alaska Native,,20.5,52.0,race_ethnicity
CT,,,,Asian,,10.473158953722333,2485.0,race_ethnicity
CT,,,,Hispanic,,33.486245657061104,9786.0,race_ethnicity
CT,,,,Non-Hispanic Black,,37.86408984068947,7658.0,race_ethnicity
CT,,,,Non-Hispanic White,,25.579162364557746,84261.0,race_ethnicity
CT,,,,Other,,27.841320754716982,1060.0,race_ethnicity
DC,,,,2 or more races,,23.80941176470588,765.0,race_ethnicity
DC,,,,Asian,,6.686345776031434,1018.0,race_ethnicity
DC,,,,Hispanic,,22.544559841740853,2022.0,race_ethnicity
DC,,,,Non-Hispanic Black,,36.55607930799883,20578.0,race_ethnicity
DC,,,,Non-Hispanic White,,11.171562992726717,19661.0,race_ethnicity
DC,,,,Other,,23.565322580645162,248.0,race_ethnicity
DE,,,,2 or more races,,32.464645522388054,1072.0,race_ethnicity
DE,,,,American Indian/Alaska Native,,33.4,52.0,race_ethnicity
DE,,,,Asian,,10.897594936708861,790.0,race_ethnicity
DE,,,,Hispanic,,32.79332706766917,3192.0,race_ethnicity
DE,,,,Non-Hispanic Black,,40.13613445378151,7378.0,race_ethnicity
DE,,,,Non-Hispanic White,,30.696690959755642,37322.0,race_ethnicity
DE,,,,Other,,19.1,71.0,race_ethnicity
FL,,,,2 or more races,,30.602470741222366,3076.0,race_ethnicity
FL,,,,American Indian/Alaska Native,,32.46287958115183,1910.0,race_ethnicity
FL,,,,Asian,,12.315600211528293,1891.0,race_ethnicity
FL,,,,Hawaiian/Pacific Islander,,22.4,56.0,race_ethnicity
FL,,,,Hispanic,,28.479481831156004,18218.0,race_ethnicity
FL,,,,Non-Hispanic Black,,35.58836935398386,16981.0,race_ethnicity
FL,,,,Non-Hispanic White,,26.42940249309074,138944.0,race_ethnicity
FL,,,,Other,,23.606351351351353,740.0,race_ethnicity
GA,,,,2 or more races,,30.39032258064516,1550.0,race_ethnicity
GA,,,,American Indian/Alaska Native,,28.5978021978022,455.0,race_ethnicity
GA,,,,Asian,,11.302586844050259,1353.0,race_ethnicity
GA,,,,Hispanic,,31.613238095238096,4200.0,race_ethnicity
GA,,,,Non-Hispanic Black,,39.741152282603615,21401.0,race_ethnicity
GA,,,,Non-Hispanic White,,29.71260053147493,56823.0,race_ethnicity
GA,,,,Other,,24.577801268498945,473.0,race_ethnicity
GU,,,,2 or more races,,36.724049382716046,2025.0,race_ethnicity
GU,,,,Asian,,14.886706056129984,5416.0,race_ethnicity
GU,,,,Hawaiian/Pacific Islander,,44.209186471663614,6564.0,race_ethnicity
GU,,,,Hispanic,,33.36502384737678,1258.0,race_ethnicity
GU,,,,Non-Hispanic White,,24.662506554798114,1907.0,race_ethnicity
HI,,,,2 or more races,,34.424283807372426,19478.0,race_ethnicity
HI,,,,Asian,,16.277180097238027,29001.0,race_ethnicity
HI,,,,Hawaiian/Pacific Islander,,48.97882332402235,5728.0,race_ethnicity
HI,,,,Hispanic,,31.793893866299104,7255.0,race_ethnicity
HI,,,,Non-Hispanic Black,,31.64845070422535,710.0,race_ethnicity
HI,,,,Non-Hispanic White,,18.859559248091355,31174.0,race_ethnicity
HI,,,,Other,,22.64191919191919,198.0,race_ethnicity
IA,,,,2 or more races,,36.62162485065711,837.0,race_ethnicity
IA,,,,American Indian/Alaska Native,,45.2,58.0,race_ethnicity
IA,,,,Asian,,12.778927203065134,783.0,race_ethnicity
IA,,,,Hispanic,,36.356352732119056,4502.0,race_ethnicity
IA,,,,Non-Hispanic Black,,39.80435244161359,1884.0,race_ethnicity
IA,,,,Non-Hispanic White,,34.0430624474937,89275.0,race_ethnicity
ID,,,,2 or more races,,33.25730110775428,993.0,race_ethnicity
ID,,,,American Indian/Alaska Native,,39.68837837837838,740.0,race_ethnicity
ID,,,,Hispanic,,35.068165650406506,3936.0,race_ethnicity
ID,,,,Non-Hispanic White,,28.70177303793707,60574.0,race_ethnicity
IL,,,,2 or more races,,28.756638418079095,708.0,race_ethnicity
IL,,,,Asian,,9.542267050912583,2082.0,race_ethnicity
IL,,,,Hispanic,,35.87864171640587,6199.0,race_ethnicity
IL,,,,Non-Hispanic Black,,40.78945844193455,6906.0,race_ethnicity
IL,,,,Non-Hispanic White,,29.79953679406731,43825.0,race_ethnicity
IN,,,,2 or more races,,38.602288732394356,1704.0,race_ethnicity
IN,,,,American Indian/Alaska Native,,38.211934156378604,729.0,race_ethnicity
IN,,,,Asian,,10.005508870214753,1071.0,race_ethnicity
IN,,,,Hispanic,,35.65653363740023,4385.0,race_ethnicity
IN,,,,Non-Hispanic Black,,42.58753829321663,9140.0,race_ethnicity
IN,,,,Non-Hispanic White,,33.45819052287922,95873.0,race_ethnicity
IN,,,,Other,,35.16868932038835,412.0,race_ethnicity
KS,,,,2 or more races,,36.17563270603504,3082.0,race_ethnicity
KS,,,,American Indian/Alaska Native,,38.07398239823982,1818.0,race_ethnicity
KS,,,,Asian,,11.330326086956523,1840.0,race_ethnicity
KS,,,,Hispanic,,36.47997655334115,8530.0,race_ethnicity
KS,,,,Non-Hispanic Black,,40.66821566464424,7252.0,race_ethnicity
KS,,,,Non-Hispanic White,,32.2163977144891,157339.0,race_ethnicity
KS,,,,Other,,38.413015873015866,315.0,race_ethnicity
KY,,,,2 or more races,,33.73752222880854,1687.0,race_ethnicity
KY,,,,American Indian/Alaska Native,,30.650628930817614,636.0,race_ethnicity
KY,,,,Hispanic,,28.88120362737016,1213.0,race_ethnicity
KY,,,,Non-Hispanic Black,,41.865601631543164,8826.0,race_ethnicity
KY,,,,Non-Hispanic White,,33.76584924598208,80701.0,race_ethnicity
KY,,,,Other,,47.1,54.0,race_ethnicity
LA,,,,2 or more races,,35.769081632653055,980.0,race_ethnicity
LA,,,,American Indian/Alaska Native,,38.30035149384886,569.0,race_ethnicity
LA,,,,Hispanic,,34.14057203389831,1888.0,race_ethnicity
LA,,,,Non-Hispanic Black,,43.7525737778779,17756.0,race_ethnicity
LA,,,,Non-Hispanic White,,32.8654177486501,48522.0,race_ethnicity
LA,,,,Other,,26.018396226415092,212.0,race_ethnicity
MA,,,,2 or more races,,27.546875,2048.0,race_ethnicity
MA,,,,American Indian/Alaska Native,,30.828859060402685,298.0,race_ethnicity
MA,,,,Asian,,8.704920553562275,3902.0,race_ethnicity
MA,,,,Hispanic,,31.953563052498644,11086.0,race_ethnicity
MA,,,,Non-Hispanic Black,,34.0132730015083,7293.0,race_ethnicity
MA,,,,Non-Hispanic White,,23.87487834722973,105423.0,race_ethnicity
MA,,,,Other,,24.380345394736842,1216.0,race_ethnicity
MD,,,,2 or more races,,33.678913126674324,2613.0,race_ethnicity
MD,,,,American Indian/Alaska Native,,35.44059080962801,914.0,race_ethnicity
MD,,,,Asian,,11.48349710254472,3969.0,race_ethnicity
MD,,,,Hispanic,,31.415327234342012,7105.0,race_ethnicity
MD,,,,Non-Hispanic Black,,39.835148457096196,34286.0,race_ethnicity
MD,,,,Non-Hispanic White,,28.475065568567175,119722.0,race_ethnicity
MD,,,,Other,,30.213082811412658,1437.0,race_ethnicity
ME,,,,2 or more races,,33.813286302175186,1701.0,race_ethnicity
ME,,,,American Indian/Alaska Native,,35.91066447908122,1219.0,race_ethnicity
ME,,,,Asian,,18.4,50.0,race_ethnicity
ME,,,,Hispanic,,30.56346555323591,1437.0,race_ethnicity
ME,,,,Non-Hispanic Black,,25.7525,240.0,race_ethnicity
ME,,,,Non-Hispanic White,,30.314267566692408,120441.0,race_ethnicity
ME,,,,Other,,24.192391304347826,184.0,race_ethnicity
MI,,,,2 or more races,,34.829452054794515,2628.0,race_ethnicity
MI,,,,American Indian/Alaska Native,,34.407836990595605,957.0,race_ethnicity
MI,,,,Asian,,10.316593406593407,1820.0,race_ethnicity
MI,,,,Hispanic,,38.749296696107294,3057.0,race_ethnicity
MI,,,,Non-Hispanic Black,,40.17793686950862,12292.0,race_ethnicity
MI,,,,Non-Hispanic White,,32.05207322608301,99145.0,race_ethnicity
MI,,,,Other,,26.839259259259258,405.0,race_ethnicity
MN,,,,2 or more races,,34.902038043478264,2208.0,race_ethnicity
MN,,,,American Indian/Alaska Native,,41.50940334128879,2095.0,race_ethnicity
MN,,,,Asian,,16.310726447219068,3524.0,race_ethnicity
MN,,,,Hispanic,,33.48592679257897,5983.0,race_ethnicity
MN,,,,Non-Hispanic Black,,32.61203857665447,6014.0,race_ethnicity
MN,,,,Non-Hispanic White,,29.062591740209847,165549.0,race_ethnicity
MN,,,,Other,,32.10688836104514,421.0,race_ethnicity
MO,,,,2 or more races,,36.400460829493085,1736.0,race_ethnicity
MO,,,,American Indian/Alaska Native,,37.59810495626822,686.0,race_ethnicity
MO,,,,Asian,,10.186064030131828,531.0,race_ethnicity
MO,,,,Hispanic,,35.249836601307194,1836.0,race_ethnicity
MO,,,,Non-Hispanic Black,,40.90296145586074,8847.0,race_ethnicity
MO,,,,Non-Hispanic White,,32.60203938580365,75611.0,race_ethnicity
MO,,,,Other,,38.1,83.0,race_ethnicity
MS,,,,2 or more races,,25.8109375,128.0,race_ethnicity
MS,,,,American Indian/Alaska Native,,41.9,58.0,race_ethnicity
MS,,,,Hispanic,,29.635897435897437,468.0,race_ethnicity
MS,,,,Non-Hispanic Black,,45.07663587048653,23596.0,race_ethnicity
MS,,,,Non-Hispanic White,,32.93464915428599,41799.0,race_ethnicity
MT,,,,2 or more races,,31.655013123359577,1905.0,race_ethnicity
MT,,,,American Indian/Alaska Native,,39.588047113566965,6877.0,race_ethnicity
MT,,,,Hispanic,,30.690946502057614,1701.0,race_ethnicity
MT,,,,Non-Hispanic White,,25.82770185666393,74273.0,race_ethnicity
MT,,,,Other,,29.137931034482758,116.0,race_ethnicity
NC,,,,2 or more races,,29.49657724329325,1081.0,race_ethnicity
NC,,,,American Indian/Alaska Native,,40.78162411050649,2389.0,race_ethnicity
NC,,,,Asian,,12.387056128293242,873.0,race_ethnicity
NC,,,,Hispanic,,30.558851674641147,4807.0,race_ethnicity
NC,,,,Non-Hispanic Black,,42.74156315422192,14330.0,race_ethnicity
NC,,,,Non-Hispanic White,,28.44507584207004,53796.0,race_ethnicity
NC,,,,Other,,22.495217391304347,230.0,race_ethnicity
ND,,,,2 or more races,,37.81697341513292,489.0,race_ethnicity
ND,,,,American Indian/Alaska Native,,45.55846020008699,2299.0,race_ethnicity
ND,,,,Hispanic,,36.80824499411072,849.0,race_ethnicity
ND,,,,Non-Hispanic Black,,27.470262390670555,343.0,race_ethnicity
ND,,,,Non-Hispanic White,,32.396749771775745,63534.0,race_ethnicity
NE,,,,2 or more races,,35.91360471344402,1867.0,race_ethnicity
NE,,,,American Indian/Alaska Native,,41.95915238954012,2218.0,race_ethnicity
NE,,,,Asian,,12.302372583479789,1138.0,race_ethnicity
NE,,,,Hispanic,,34.01829965299041,9798.0,race_ethnicity
NE,,,,Non-Hispanic Black,,37.08603663392619,3767.0,race_ethnicity
NE,,,,Non-Hispanic White,,31.69543976498028,178368.0,race_ethnicity
NE,,,,Other,,22.571122994652406,187.0,race_ethnicity
NH,,,,2 or more races,,27.239772727272726,704.0,race_ethnicity
NH,,,,Asian,,9.382037037037035,540.0,race_ethnicity
NH,,,,Hispanic,,29.943129388164493,997.0,race_ethnicity
NH,,,,Non-Hispanic White,,29.04028565014872,71276.0,race_ethnicity
NH,,,,Other,,31.708695652173912,345.0,race_ethnicity
NJ,,,,2 or more races,,31.534995547640253,1123.0,race_ethnicity
NJ,,,,American Indian/Alaska Native,,28.017491749174916,303.0,race_ethnicity
NJ,,,,Asian,,10.608964971304173,5053.0,race_ethnicity
NJ,,,,Hispanic,,30.8615174251455,14261.0,race_ethnicity
NJ,,,,Non-Hispanic Black,,35.99625543816035,12872.0,race_ethnicity
NJ,,,,Non-Hispanic White,,25.63372311792835,76538.0,race_ethnicity
NJ,,,,Other,,23.30139146567718,1078.0,race_ethnicity
NM,,,,2 or more races,,28.14638922888617,817.0,race_ethnicity
NM,,,,American Indian/Alaska Native,,40.590254354437384,7234.0,race_ethnicity
NM,,,,Asian,,9.170648464163822,293.0,race_ethnicity
NM,,,,Hispanic,,32.77191055882671,27683.0,race_ethnicity
NM,,,,Non-Hispanic Black,,33.3996835443038,948.0,race_ethnicity
NM,,,,Non-Hispanic White,,24.133369528333894,44205.0,race_ethnicity
NM,,,,Other,,21.65799256505576,269.0,race_ethnicity
NV,,,,2 or more races,,28.134652114597547,1466.0,race_ethnicity
NV,,,,American Indian/Alaska Native,,40.01912225705329,319.0,race_ethnicity
NV,,,,Asian,,15.606101694915251,1180.0,race_ethnicity
NV,,,,Hispanic,,30.65837368508933,5989.0,race_ethnicity
NV,,,,Non-Hispanic Black,,34.603673880221436,1987.0,race_ethnicity
NV,,,,Non-Hispanic White,,26.812504782553244,31364.0,race_ethnicity
NV,,,,Other,,18.579512195121954,205.0,race_ethnicity
NY,,,,2 or more races,,29.194102397926113,3086.0,race_ethnicity
NY,,,,American Indian/Alaska Native,,30.241302791696498,1397.0,race_ethnicity
NY,,,,Asian,,11.822702863961814,6704.0,race_ethnicity
NY,,,,Hawaiian/Pacific Islander,,31.06,125.0,race_ethnicity
NY,,,,Hispanic,,30.74687381223869,21048.0,race_ethnicity
NY,,,,Non-Hispanic Black,,34.57209384371142,17007.0,race_ethnicity
NY,,,,Non-Hispanic White,,26.423972804999483,145615.0,race_ethnicity
NY,,,,Other,,26.56009564293305,1882.0,race_ethnicity
OH,,,,2 or more races,,38.93868974042027,2427.0,race_ethnicity
OH,,,,American Indian/Alaska Native,,36.72932960893854,1074.0,race_ethnicity
OH,,,,Asian,,11.632618343195267,1352.0,race_ethnicity
OH,,,,Hispanic,,34.796651949963206,2718.0,race_ethnicity
OH,,,,Non-Hispanic Black,,39.59439860207746,10301.0,race_ethnicity
OH,,,,Non-Hispanic White,,33.20598798357856,133484.0,race_ethnicity
OH,,,,Other,,30.956991150442473,565.0,race_ethnicity
OK,,,,2 or more races,,36.31775956284154,4758.0,race_ethnicity
OK,,,,American Indian/Alaska Native,,41.94856218547807,5564.0,race_ethnicity
OK,,,,Asian,,10.675158227848101,632.0,race_ethnicity
OK,,,,Hispanic,,36.67649199417758,4122.0,race_ethnicity
OK,,,,Non-Hispanic Black,,40.21181657848325,4536.0,race_ethnicity
OK,,,,Non-Hispanic White,,33.863954317187755,61730.0,race_ethnicity
OR,,,,2 or more races,,31.73860191772348,3233.0,race_ethnicity
OR,,,,American Indian/Alaska Native,,39.07898550724637,414.0,race_ethnicity
OR,,,,Asian,,12.282660550458717,1090.0,race_ethnicity
OR,,,,Hispanic,,35.1941912869304,3994.0,race_ethnicity
OR,,,,Non-Hispanic Black,,31.88641425389755,449.0,race_ethnicity
OR,,,,Non-Hispanic White,,28.703476580505615,56406.0,race_ethnicity
OR,,,,Other,,37.56568047337279,169.0,race_ethnicity
PA,,,,2 or more races,,33.8449740034662,1154.0,race_ethnicity
PA,,,,American Indian/Alaska Native,,18.4,90.0,race_ethnicity
PA,,,,Asian,,8.303450363196127,1652.0,race_ethnicity
PA,,,,Hispanic,,34.46090937796021,3167.0,race_ethnicity
PA,,,,Non-Hispanic Black,,38.158362989323834,8149.0,race_ethnicity
PA,,,,Non-Hispanic White,,29.909769984345807,79212.0,race_ethnicity
PR,,,,Hispanic,,31.776949183636027,54510.0,race_ethnicity
RI,,,,2 or more races,,31.444916344916347,777.0,race_ethnicity
RI,,,,Asian,,9.883737373737375,990.0,race_ethnicity
RI,,,,Hispanic,,32.58787987129067,5594.0,race_ethnicity
RI,,,,Non-Hispanic Black,,34.8128421900161,2484.0,race_ethnicity
RI,,,,Non-Hispanic White,,27.53591674125555,56979.0,race_ethnicity
RI,,,,Other,,31.03588301462317,889.0,race_ethnicity
SC,,,,2 or more races,,32.160310004697045,2129.0,race_ethnicity
SC,,,,American Indian/Alaska Native,,38.51156004489338,891.0,race_ethnicity
SC,,,,Asian,,15.328299120234604,682.0,race_ethnicity
SC,,,,Hispanic,,30.386743215031316,2874.0,race_ethnicity
SC,,,,Non-Hispanic Black,,43.08803189707163,29846.0,race_ethnicity
SC,,,,Non-Hispanic White,,30.07631557040754,84089.0,race_ethnicity
SC,,,,Other,,33.00642023346304,514.0,race_ethnicity
SD,,,,2 or more races,,37.825714285714284,1505.0,race_ethnicity
SD,,,,American Indian/Alaska Native,,43.18344581565754,10372.0,race_ethnicity
SD,,,,Hispanic,,35.39336188436831,1401.0,race_ethnicity
SD,,,,Non-Hispanic Black,,30.8,73.0,race_ethnicity
SD,,,,Non-Hispanic White,,30.9824771949829,70160.0,race_ethnicity
TN,,,,2 or more races,,37.3359375,960.0,race_ethnicity
TN,,,,American Indian/Alaska Native,,31.236286919831223,237.0,race_ethnicity
TN,,,,Asian,,12.4,57.0,race_ethnicity
TN,,,,Hispanic,,33.47231270358306,1228.0,race_ethnicity
TN,,,,Non-Hispanic Black,,44.12593148287071,7998.0,race_ethnicity
TN,,,,Non-Hispanic White,,32.51681024320354,55139.0,race_ethnicity
TX,,,,2 or more races,,28.30730659025788,2094.0,race_ethnicity
TX,,,,American Indian/Alaska Native,,37.805628847845206,1137.0,race_ethnicity
TX,,,,Asian,,11.07981220657277,3195.0,race_ethnicity
TX,,,,Hispanic,,37.867353047141314,36083.0,race_ethnicity
TX,,,,Non-Hispanic Black,,40.90566790846194,11274.0,race_ethnicity
TX,,,,Non-Hispanic White,,29.930468266118197,85571.0,race_ethnicity
TX,,,,Other,,29.291395793499042,523.0,race_ethnicity
US,,,,2 or more races,,31.698154642461976,106646.0,race_ethnicity
US,,,,American Indian/Alaska Native,,37.14659401499755,85614.0,race_ethnicity
US,,,,Asian,,11.009911037833167,113419.0,race_ethnicity
US,,,,Hawaiian/Pacific Islander,,33.975341051544866,13561.0,race_ethnicity
US,,,,Hispanic,,33.606774260123004,363405.0,race_ethnicity
US,,,,Non-Hispanic Black,,39.55456729674061,417041.0,race_ethnicity
US,,,,Non-Hispanic White,,29.137704277141708,4105452.0,race_ethnicity
US,,,,Other,,26.889986715376953,30110.0,race_ethnicity
UT,,,,2 or more races,,27.72396069538927,1323.0,race_ethnicity
UT,,,,American Indian/Alaska Native,,37.71286764705882,1360.0,race_ethnicity
UT,,,,Asian,,9.826205023761032,1473.0,race_ethnicity
UT,,,,Hawaiian/Pacific Islander,,62.872549019607845,102.0,race_ethnicity
UT,,,,Hispanic,,30.81861525311046,10529.0,race_ethnicity
UT,,,,Non-Hispanic Black,,30.03238993710692,636.0,race_ethnicity
UT,,,,Non-Hispanic White,,26.399290460449425,119796.0,race_ethnicity
UT,,,,Other,,17.58,200.0,race_ethnicity
VA,,,,2 or more races,,31.523939881910895,1863.0,race_ethnicity
VA,,,,American Indian/Alaska Native,,30.043188854489166,646.0,race_ethnicity
VA,,,,Asian,,11.355384615384617,2340.0,race_ethnicity
VA,,,,Hispanic,,29.90203289173138,4378.0,race_ethnicity
VA,,,,Non-Hispanic Black,,42.146527948781085,16244.0,race_ethnicity
VA,,,,Non-Hispanic White,,29.395523299451707,78607.0,race_ethnicity
VA,,,,Other,,28.74825870646766,201.0,race_ethnicity
VI,,,,Hispanic,,36.43221649484536,776.0,race_ethnicity
VI,,,,Non-Hispanic Black,,35.18199672667758,3666.0,race_ethnicity
VI,,,,Non-Hispanic White,,20.07964959568733,742.0,race_ethnicity
VI,,,,Other,,29.3,61.0,race_ethnicity
VT,,,,2 or more races,,28.224893435635128,1173.0,race_ethnicity
VT,,,,American Indian/Alaska Native,,38.22331288343558,489.0,race_ethnicity
VT,,,,Asian,,10.371508379888269,179.0,race_ethnicity
VT,,,,Hispanic,,28.06976987447699,956.0,race_ethnicity
VT,,,,Non-Hispanic Black,,24.5078125,128.0,race_ethnicity
VT,,,,Non-Hispanic White,,26.4984246330111,75411.0,race_ethnicity
VT,,,,Other,,32.7083044982699,289.0,race_ethnicity
WA,,,,2 or more races,,32.98891244435023,4717.0,race_ethnicity
WA,,,,American Indian/Alaska Native,,38.17713026444662,2042.0,race_ethnicity
WA,,,,Asian,,10.415014925373134,6700.0,race_ethnicity
WA,,,,Hawaiian/Pacific Islander,,39.2211320754717,530.0,race_ethnicity
WA,,,,Hispanic,,35.051870612281164,11253.0,race_ethnicity
WA,,,,Non-Hispanic Black,,35.632446808510636,3572.0,race_ethnicity
WA,,,,Non-Hispanic White,,29.169743919353202,147805.0,race_ethnicity
WA,,,,Other,,26.87382234185734,1486.0,race_ethnicity
WI,,,,2 or more races,,35.6782816229117,838.0,race_ethnicity
WI,,,,American Indian/Alaska Native,,43.20409722222222,1440.0,race_ethnicity
WI,,,,Asian,,16.259634888438136,493.0,race_ethnicity
WI,,,,Hispanic,,35.87289103690685,2276.0,race_ethnicity
WI,,,,Non-Hispanic Black,,42.57484855827477,4127.0,race_ethnicity
WI,,,,Non-Hispanic White,,32.234547285758076,68509.0,race_ethnicity
WI,,,,Other,,32.548780487804876,164.0,race_ethnicity
WV,,,,2 or more races,,39.53606719367589,1012.0,race_ethnicity
WV,,,,Hispanic,,35.9427397260274,365.0,race_ethnicity
WV,,,,Non-Hispanic Black,,42.550655840099935,1601.0,race_ethnicity
WV,,,,Non-Hispanic White,,37.48851678376269,64050.0,race_ethnicity
WY,,,,2 or more races,,30.945121951219512,574.0,race_ethnicity
WY,,,,American Indian/Alaska Native,,37.459811616954475,637.0,race_ethnicity
WY,,,,Hispanic,,32.79384898710865,2715.0,race_ethnicity
WY,,,,Non-Hispanic White,,28.389121324114516,56551.0,race_ethnicity
WY,,,,Other,,18.070967741935487,124.0,race_ethnicity
AK,,,,,College graduate,25.452204414224813,18531.0,education
AK,,,,,High school graduate,31.583074742652546,13406.0,education
AK,,,,,Less than high school,30.271940298507463,2680.0,education
AK,,,,,Some college or technical school,34.206498094908206,14435.0,education
AL,,,,,College graduate,30.77630329762655,23805.0,education
AL,,,,,High school graduate,35.99852073397462,24742.0,education
AL,,,,,Less than high school,37.29460522005024,9157.0,education
AL,,,,,Some college or technical school,37.06261906842611,22886.0,education
AR,,,,,College graduate,31.72177209705373,18464.0,education
AR,,,,,High school graduate,36.69518711599329,21484.0,education
AR,,,,,Less than high school,36.419178520057535,6257.0,education
AR,,,,,Some college or technical school,37.96718996241968,16498.0,education
AZ,,,,,College graduate,23.660358432526415,44862.0,education
AZ,,,,,High school graduate,30.433226007098163,27331.0,education
AZ,,,,,Less than high school,35.815202745646374,7867.0,education
AZ,,,,,Some college or technical school,31.270729974866136,36604.0,education
CA,,,,,College graduate,16.876625852719958,57170.0,education
CA,,,,,High school graduate,27.722368634446966,24664.0,education
CA,,,,,Less than high school,35.06213393405693,14649.0,education
CA,,,,,Some college or technical school,27.166303724928365,34900.0,education
CO,,,,,College graduate,17.314208439671916,62301.0,education
CO,,,,,High school graduate,24.820552949061664,29840.0,education
CO,,,,,Less than high school,27.732859193527343,7663.0,education
CO,,,,,Some college or technical school,24.7315548031238,36622.0,education
CT,,,,,College graduate,20.972480761480742,52109.0,education
CT,,,,,High school graduate,30.81369154852354,25534.0,education
CT,,,,,Less than high school,33.840612313937754,5912.0,education
CT,,,,,Some college or technical school,29.415942771559198,25372.0,education
DC,,,,,College graduate,14.781443335332085,28351.0,education
DC,,,,,High school graduate,33.06508785332314,7854.0,education
DC,,,,,Less than high school,37.20819070904645,2454.0,education
DC,,,,,Some college or technical school,29.63618940248027,7096.0,education
DE,,,,,College graduate,27.125224852682724,19346.0,education
DE,,,,,High school graduate,33.48632558762472,14933.0,education
DE,,,,,Less than high school,36.50466895278291,3791.0,education
DE,,,,,Some college or technical school,33.950067114093955,13410.0,education
FL,,,,,College graduate,22.759911580620592,60394.0,education
FL,,,,,High school graduate,29.741085385908836,54119.0,education
FL,,,,,Less than high school,32.045746273124585,16703.0,education
FL,,,,,Some college or technical school,28.529540679028276,54254.0,education
GA,,,,,College graduate,26.467926383384032,32547.0,education
GA,,,,,High school graduate,34.05970877872233,23762.0,education
GA,,,,,Less than high school,36.187372405092326,8719.0,education
GA,,,,,Some college or technical school,33.675306874864454,23055.0,education
GU,,,,,College graduate,25.488406768302898,5969.0,education
GU,,,,,High school graduate,34.99210653753026,6195.0,education
GU,,,,,Less than high school,33.86075058639563,1279.0,education
GU,,,,,Some college or technical school,32.4256351039261,4330.0,education
HI,,,,,College graduate,18.04215708323962,40017.0,education
HI,,,,,High school graduate,28.01776623167392,24828.0,education
HI,,,,,Less than high school,28.298207784934192,3571.0,education
HI,,,,,Some college or technical school,24.198141778209827,26746.0,education
IA,,,,,College graduate,28.845414030604292,32087.0,education
IA,,,,,High school graduate,35.88466917363334,32177.0,education
IA,,,,,Less than high school,35.857045215562565,5706.0,education
IA,,,,,Some college or technical school,35.590123456790124,29160.0,education
ID,,,,,College graduate,25.110827744440524,22664.0,education
ID,,,,,High school graduate,30.094633106245773,19229.0,education
ID,,,,,Less than high school,33.016193693693694,4440.0,education
ID,,,,,Some college or technical school,30.84389113544459,22009.0,education
IL,,,,,College graduate,24.87558394732717,25516.0,education
IL,,,,,High school graduate,33.40520005213085,15346.0,education
IL,,,,,Less than high school,34.934151898734186,3950.0,education
IL,,,,,Some college or technical school,33.375563345017525,15976.0,education
IN,,,,,College graduate,29.418031667673244,38083.0,education
IN,,,,,High school graduate,34.7955741409314,38501.0,education
IN,,,,,Less than high school,36.52675274663043,8829.0,education
IN,,,,,Some college or technical school,35.59514507615237,29743.0,education
KS,,,,,College graduate,28.133733758274087,69343.0,education
KS,,,,,High school graduate,34.41172648451432,48787.0,education
KS,,,,,Less than high school,34.67873395880513,9273.0,education
KS,,,,,Some college or technical school,34.83162244692718,54689.0,education
KY,,,,,College graduate,29.322026917702427,27194.0,education
KY,,,,,High school graduate,35.15907942296004,31263.0,education
KY,,,,,Less than high school,35.596250371986905,10081.0,education
KY,,,,,Some college or technical school,35.064082873978336,26305.0,education
LA,,,,,College graduate,30.31920249498775,22445.0,education
LA,,,,,High school graduate,37.26609813697193,22866.0,education
LA,,,,,Less than high school,37.954298245614034,7980.0,education
LA,,,,,Some college or technical school,37.48099506225848,18632.0,education
MA,,,,,College graduate,18.63701371571072,64160.0,education
MA,,,,,High school graduate,27.857984240301725,29696.0,education
MA,,,,,Less than high school,31.464677530410835,8714.0,education
MA,,,,,Some college or technical school,26.32333089707331,31469.0,education
MD,,,,,College graduate,24.815980017113805,79468.0,education
MD,,,,,High school graduate,34.91731113376373,44145.0,education
MD,,,,,Less than high school,35.31260064833211,9563.0,education
MD,,,,,Some college or technical school,33.415869773541125,39654.0,education
ME,,,,,College graduate,23.237846726044825,51085.0,education
ME,,,,,High school graduate,33.198910310142494,36983.0,education
ME,,,,,Less than high school,33.49270851246776,5815.0,education
ME,,,,,Some college or technical school,32.602101688961746,34163.0,education
MI,,,,,College graduate,27.735774258688483,47045.0,education
MI,,,,,High school graduate,34.58072567114094,33376.0,education
MI,,,,,Less than high school,33.88561939554965,6022.0,education
MI,,,,,Some college or technical school,34.82898919966768,36110.0,education
MN,,,,,College graduate,23.92917374363073,80072.0,education
MN,,,,,High school graduate,30.9254706082229,44145.0,education
MN,,,,,Less than high school,32.66919298245614,7125.0,education
MN,,,,,Some college or technical school,31.55601981515194,57128.0,education
MO,,,,,College graduate,28.53532394949286,28986.0,education
MO,,,,,High school graduate,33.75617735975815,29770.0,education
MO,,,,,Less than high school,36.21835019046368,7613.0,education
MO,,,,,Some college or technical school,35.65416650312046,25477.0,education
MS,,,,,College graduate,33.22567149276086,20030.0,education
MS,,,,,High school graduate,37.74659889094269,21640.0,education
MS,,,,,Less than high school,38.32415875754962,9272.0,education
MS,,,,,Some college or technical school,38.5469980800166,19271.0,education
MT,,,,,College graduate,22.059375,30592.0,education
MT,,,,,High school graduate,28.698074091759178,25131.0,education
MT,,,,,Less than high school,28.00807647288334,5126.0,education
MT,,,,,Some college or technical school,28.42306060255372,25923.0,education
NC,,,,,College graduate,24.985301257200824,27601.0,education
NC,,,,,High school graduate,32.852862640756406,21047.0,education
NC,,,,,Less than high school,35.40811657032755,8304.0,education
NC,,,,,Some college or technical school,33.4162498850786,21754.0,education
ND,,,,,College graduate,28.680210179792354,23694.0,education
ND,,,,,High school graduate,33.5877433493018,19622.0,education
ND,,,,,Less than high school,32.78830178759201,3804.0,education
ND,,,,,Some college or technical school,34.72778725314183,22280.0,education
NE,,,,,College graduate,27.59098987864117,61553.0,education
NE,,,,,High school graduate,33.502519093372754,64944.0,education
NE,,,,,Less than high school,33.48185065487328,11758.0,education
NE,,,,,Some college or technical school,33.79648398295464,60779.0,education
NH,,,,,College graduate,23.140916163006406,33422.0,education
NH,,,,,High school graduate,31.930592334494772,20090.0,education
NH,,,,,Less than high school,34.08773444477523,3359.0,education
NH,,,,,Some college or technical school,30.147549750604206,19447.0,education
NJ,,,,,College graduate,20.478921003458833,50306.0,education
NJ,,,,,High school graduate,29.881039408019273,29055.0,education
NJ,,,,,Less than high school,33.438451142046226,7399.0,education
NJ,,,,,Some college or technical school,27.714180793056123,26959.0,education
NM,,,,,College graduate,22.43205423822143,29057.0,education
NM,,,,,High school graduate,30.563750329902344,22734.0,education
NM,,,,,Less than high school,34.871422348072315,9182.0,education
NM,,,,,Some college or technical school,30.962129403557732,22936.0,education
NV,,,,,College graduate,22.048674650161463,14864.0,education
NV,,,,,High school graduate,28.846021854191573,11714.0,education
NV,,,,,Less than high school,31.57836055276382,3184.0,education
NV,,,,,Some college or technical school,28.907217654086722,14229.0,education
NY,,,,,College graduate,20.572597618222858,83719.0,education
NY,,,,,High school graduate,30.51779587759571,52057.0,education
NY,,,,,Less than high school,32.63402315204035,15463.0,education
NY,,,,,Some college or technical school,29.068748379375684,50135.0,education
OH,,,,,College graduate,28.583826406114504,49587.0,education
OH,,,,,High school graduate,35.200965465324174,53135.0,education
OH,,,,,Less than high school,35.18459244532803,10060.0,education
OH,,,,,Some college or technical school,35.560399487340696,41353.0,education
OK,,,,,College graduate,29.900372165148283,25795.0,education
OK,,,,,High school graduate,35.75545450838057,24521.0,education
OK,,,,,Less than high school,35.623238530798915,6997.0,education
OK,,,,,Some college or technical school,36.80857738071391,24961.0,education
OR,,,,,College graduate,22.07621886929649,27505.0,education
OR,,,,,High school graduate,31.032597033764596,15845.0,education
OR,,,,,Less than high school,34.37605233219567,3516.0,education
OR,,,,,Some college or technical school,31.971154669584664,21019.0,education
PA,,,,,College graduate,23.39085545722714,34578.0,education
PA,,,,,High school graduate,33.5445986554726,32279.0,education
PA,,,,,Less than high school,33.54669286182057,6108.0,education
PA,,,,,Some college or technical school,32.018378138191515,22505.0,education
PR,,,,,College graduate,29.75092465565494,18223.0,education
PR,,,,,High school graduate,32.37363524024133,13757.0,education
PR,,,,,Less than high school,32.81254324294163,8961.0,education
PR,,,,,Some college or technical school,32.42727013135352,14008.0,education
RI,,,,,College graduate,22.373708377378435,30272.0,education
RI,,,,,High school graduate,30.97372521658236,17199.0,education
RI,,,,,Less than high school,33.61726829268293,5125.0,education
RI,,,,,Some college or technical school,29.09166666666667,17004.0,education
SC,,,,,College graduate,27.799033989266547,41925.0,education
SC,,,,,High school graduate,35.105581795954656,35992.0,education
SC,,,,,Less than high school,35.608263473053896,12525.0,education
SC,,,,,Some college or technical school,34.6784675043588,33266.0,education
SD,,,,,College graduate,29.363276194410023,29052.0,education
SD,,,,,High school graduate,31.953901710781153,24784.0,education
SD,,,,,Less than high school,33.42391178177597,5169.0,education
SD,,,,,Some college or technical school,33.10553540752052,26195.0,education
TN,,,,,College graduate,28.55792874109264,21050.0,education
TN,,,,,High school graduate,35.94500768049155,21483.0,education
TN,,,,,Less than high school,35.909183090545554,7002.0,education
TN,,,,,Some college or technical school,35.41763953746943,17988.0,education
TX,,,,,College graduate,26.136880193969905,54029.0,education
TX,,,,,High school graduate,35.56096066868953,34934.0,education
TX,,,,,Less than high school,39.05383826191914,16570.0,education
TX,,,,,Some college or technical school,33.899994687632805,37648.0,education
US,,,,,College graduate,23.57571126537403,2019640.0,education
US,,,,,High school graduate,32.51250520297438,1455898.0,education
US,,,,,Less than high school,35.05850615536625,374470.0,education
US,,,,,Some college or technical school,31.93834239288463,1461625.0,education
UT,,,,,College graduate,23.71826544021025,52509.0,education
UT,,,,,High school graduate,27.473647624224046,34957.0,education
UT,,,,,Less than high school,29.088318356867774,6232.0,education
UT,,,,,Some college or technical school,28.145021654837755,44101.0,education
VA,,,,,College graduate,24.715732721288756,46184.0,education
VA,,,,,High school graduate,33.53620663009041,25882.0,education
VA,,,,,Less than high school,36.507569340073786,7319.0,education
VA,,,,,Some college or technical school,33.09117647058823,27166.0,education
VI,,,,,College graduate,33.53343766301513,1917.0,education
VI,,,,,High school graduate,38.43401210787012,1817.0,education
VI,,,,,Less than high school,26.0227959697733,794.0,education
VI,,,,,Some college or technical school,30.6702559576346,1133.0,education
VT,,,,,College graduate,19.142284222026806,37527.0,education
VT,,,,,High school graduate,31.773178316160767,21546.0,education
VT,,,,,Less than high school,33.00494769578739,3537.0,education
VT,,,,,Some college or technical school,27.54758964359225,18462.0,education
WA,,,,,College graduate,21.70007005516845,79937.0,education
WA,,,,,High school graduate,31.65275998154887,39022.0,education
WA,,,,,Less than high school,32.97323813910641,8684.0,education
WA,,,,,Some college or technical school,31.43116662307089,53522.0,education
WI,,,,,College graduate,26.894172246430724,28227.0,education
WI,,,,,High school graduate,34.7199464690138,24285.0,education
WI,,,,,Less than high school,35.655762366139726,3922.0,education
WI,,,,,Some college or technical school,34.711924886720105,22952.0,education
WV,,,,,College graduate,33.50968712077243,18953.0,education
WV,,,,,High school graduate,38.997650886869565,25201.0,education
WV,,,,,Less than high school,36.519072793818616,7377.0,education
WV,,,,,Some college or technical school,38.615684796474554,17246.0,education
WY,,,,,College graduate,23.315439034540162,21627.0,education
WY,,,,,High school graduate,29.14737484737485,18018.0,education
WY,,,,,Less than high school,32.69813052345343,2942.0,education
WY,,,,,Some college or technical school,31.50435646515325,20131.0,education
AK,,,,,,30.86867771114951,49195.0,total
AL,,,,,,35.44157818443125,80713.0,total
AR,,,,,,36.02661055512243,62851.0,total
AZ,,,,,,29.693935508138424,116976.0,total
CA,,,,,,25.58776876206106,131622.0,total
CO,,,,,,22.41372140307765,136728.0,total
CT,,,,,,27.324159937006726,109218.0,total
DC,,,,,,23.258388896152002,45894.0,total
DE,,,,,,32.1765261036394,51602.0,total
FL,,,,,,27.816391513236386,186078.0,total
GA,,,,,,32.21605739394351,88302.0,total
GU,,,,,,32.09893814259228,17799.0,total
HI,,,,,,23.931276765471488,95272.0,total
IA,,,,,,34.012365131015585,99263.0,total
ID,,,,,,29.505481211236777,68525.0,total
IL,,,,,,31.043756675485152,60857.0,total
IN,,,,,,34.029344963791964,115444.0,total
KS,,,,,,32.79869403292068,182317.0,total
KY,,,,,,34.052399751550176,94989.0,total
LA,,,,,,36.05499111456656,72028.0,total
MA,,,,,,24.37606786768478,134497.0,total
MD,,,,,,30.934404773583704,173287.0,total
ME,,,,,,30.266658613756444,128318.0,total
MI,,,,,,32.91502606287669,122780.0,total
MN,,,,,,29.06265936429074,188797.0,total
MO,,,,,,33.304038306846095,91994.0,total
MS,,,,,,37.26141074119353,70346.0,total
MT,,,,,,26.779732357577643,86907.0,total
NC,,,,,,31.330313712561185,78862.0,total
ND,,,,,,32.70136231550479,69514.0,total
NE,,,,,,31.958562252220606,199270.0,total
NH,,,,,,28.66563362232421,76473.0,total
NJ,,,,,,26.48608768823519,114086.0,total
NM,,,,,,29.454821513564973,84040.0,total
NV,,,,,,27.788198602794413,44088.0,total
NY,,,,,,27.040374031419827,202229.0,total
OH,,,,,,33.66281306468223,154401.0,total
OK,,,,,,34.82397791396153,82405.0,total
OR,,,,,,29.112571403397997,68099.0,total
PA,,,,,,30.49328420612522,95670.0,total
PR,,,,,,31.768722186904004,55055.0,total
RI,,,,,,28.23286187180259,69783.0,total
SC,,,,,,33.28822300719378,123996.0,total
SD,,,,,,31.832144572667097,85355.0,total
TN,,,,,,34.06906646971935,67700.0,total
TX,,,,,,33.16127174473182,143598.0,total
US,,,,,,30.188829722883685,5323252.0,total
UT,,,,,,26.845081979085197,138084.0,total
VA,,,,,,30.757047470102922,106783.0,total
VI,,,,,,32.94624257252709,5722.0,total
VT,,,,,,26.444370428743813,81214.0,total
WA,,,,,,28.525107791256655,181601.0,total
WI,,,,,,32.73802887759722,79508.0,total
WV,,,,,,37.57943072901539,68860.0,total
WY,,,,,,28.954055989686946,62833.0,total
