locationabbr,income,sex,ageyears,race_ethnicity,education,obesity_pct
AK,15000 - 24999,,,,,31.94163663345347
AK,25000 - 34999,,,,,32.2867709437964
AK,35000 - 49999,,,,,32.713885180240325
AK,50000 - 74999,,,,,31.984575835475574
AK,75000 or greater,,,,,30.043756083993877
AK,Less than 15000,,,,,32.79582958295829
AK,,Female,,,,30.745860079629473
AK,,Male,,,,30.967839850266508
AK,,,18-24,,,18.71745345744681
AK,,,25-34,,,28.48288409703504
AK,,,35-44,,,34.343815513626836
AK,,,45-54,,,36.18855528081951
AK,,,55-64,,,33.55389318467902
AK,,,65+,,,31.04193668252081
AK,,,,American Indian/Alaska Native,,36.15784543325526
AK,,,,Asian,,22.36602809706258
AK,,,,Hispanic,,31.35332898172324
AK,,,,Non-Hispanic Black,,39.63837209302325
AK,,,,Non-Hispanic White,,29.49885208078161
AK,,,,Other,,31.80485714285714
AK,,,,,<High school,30.271940298507463
AK,,,,,College,25.452204414224813
AK,,,,,High school,31.583074742652546
AK,,,,,Some college/tech,34.206498094908206
AK,,,,,,30.541353774852233
AL,15000 - 24999,,,,,38.860828448612736
AL,25000 - 34999,,,,,36.74657194994786
AL,35000 - 49999,,,,,37.27463666702551
AL,50000 - 74999,,,,,36.69016177957533
AL,75000 or greater,,,,,32.21682022861101
AL,Less than 15000,,,,,39.95694429594783
AL,,Female,,,,36.101109453854484
AL,,Male,,,,34.8029842289168
AL,,,18-24,,,22.295417590539547
AL,,,25-34,,,35.59062166488794
AL,,,35-44,,,40.534290980052035
AL,,,45-54,,,42.098591549295776
AL,,,55-64,,,40.40077917678279
AL,,,65+,,,30.274497902956323
AL,,,,American Indian/Alaska Native,,36.41876484560571
AL,,,,Hispanic,,31.436136783733822
AL,,,,Non-Hispanic Black,,44.879308329274224
AL,,,,Non-Hispanic White,,32.6794186109457
AL,,,,Other,,33.73984526112186
AL,,,,,<High school,37.29460522005024
AL,,,,,College,30.77630329762655
AL,,,,,High school,35.99852073397462
AL,,,,,Some college/tech,37.06261906842611
AL,,,,,,34.711054984080334
AR,15000 - 24999,,,,,36.917550239234444
AR,25000 - 34999,,,,,35.86699113758536
AR,35000 - 49999,,,,,37.69947597137014
AR,50000 - 74999,,,,,38.002000764623425
AR,75000 or greater,,,,,32.86720032840722
AR,Less than 15000,,,,,41.11232601521022
AR,,Female,,,,37.185737265415554
AR,,Male,,,,34.934004150189885
AR,,,18-24,,,25.87262065854759
AR,,,25-34,,,36.3031649988364
AR,,,35-44,,,41.971722319859396
AR,,,45-54,,,42.27694483734088
AR,,,55-64,,,40.086322590689704
AR,,,65+,,,30.046911388082634
AR,,,,American Indian/Alaska Native,,35.051222351571596
AR,,,,Hispanic,,34.01632653061225
AR,,,,Non-Hispanic Black,,44.75600565237871
AR,,,,Non-Hispanic White,,34.80412280522454
AR,,,,Other,,36.28090050835149
AR,,,,,<High school,36.419178520057535
AR,,,,,College,31.72177209705373
AR,,,,,High school,36.69518711599329
AR,,,,,Some college/tech,37.96718996241968
AR,,,,,,35.41137987760742
AZ,15000 - 24999,,,,,34.445037531276064
AZ,25000 - 34999,,,,,30.62789250842478
AZ,35000 - 49999,,,,,30.476504776538178
AZ,50000 - 74999,,,,,30.00774936678326
AZ,75000 or greater,,,,,26.48675369317019
AZ,Less than 15000,,,,,34.5646173281398
AZ,,Female,,,,29.34493222040918
AZ,,Male,,,,30.048760501437783
AZ,,,18-24,,,18.56257062146893
AZ,,,25-34,,,30.49401780169737
AZ,,,35-44,,,33.82052307446212
AZ,,,45-54,,,35.361174253935445
AZ,,,55-64,,,34.22031762471949
AZ,,,65+,,,25.828628037685494
AZ,,,,American Indian/Alaska Native,,46.5342911512845
AZ,,,,Asian,,10.673267973856209
AZ,,,,Hispanic,,35.84109620195588
AZ,,,,Non-Hispanic Black,,35.70715557137771
AZ,,,,Non-Hispanic White,,26.564601780429538
AZ,,,,Other,,30.03629757785467
AZ,,,,,<High school,35.815202745646374
AZ,,,,,College,23.660358432526415
AZ,,,,,High school,30.433226007098163
AZ,,,,,Some college/tech,31.270729974866136
AZ,,,,,,29.200180460705567
CA,15000 - 24999,,,,,29.71615623313545
CA,25000 - 34999,,,,,29.547579724150047
CA,35000 - 49999,,,,,26.242891153932
CA,50000 - 74999,,,,,26.88617436155491
CA,75000 or greater,,,,,20.986891277495992
CA,Less than 15000,,,,,30.917747895087523
CA,,Female,,,,25.51947311364885
CA,,Male,,,,25.618429035921533
CA,,,18-24,,,14.17458193979933
CA,,,25-34,,,25.018800765688862
CA,,,35-44,,,28.739220195206705
CA,,,45-54,,,30.24208217368744
CA,,,55-64,,,29.76381543775959
CA,,,65+,,,23.06153846153846
CA,,,,American Indian/Alaska Native,,32.55148221343873
CA,,,,Asian,,10.244199959440277
CA,,,,Hawaiian/Pacific Islander,,27.663519313304718
CA,,,,Hispanic,,33.060059393300214
CA,,,,Non-Hispanic Black,,35.3798573422236
CA,,,,Non-Hispanic White,,23.455703533756747
CA,,,,Other,,28.19653911771874
CA,,,,,<High school,35.06213393405693
CA,,,,,College,16.876625852719958
CA,,,,,High school,27.722368634446966
CA,,,,,Some college/tech,27.166303724928365
CA,,,,,,25.202625736264025
CO,15000 - 24999,,,,,25.35845140690481
CO,25000 - 34999,,,,,24.352108855442776
CO,35000 - 49999,,,,,23.502809476556685
CO,50000 - 74999,,,,,23.256793738954812
CO,75000 or greater,,,,,20.357289167058354
CO,Less than 15000,,,,,27.00690594059406
CO,,Female,,,,22.36844285313114
CO,,Male,,,,22.4414825559203
CO,,,18-24,,,12.447863027806385
CO,,,25-34,,,20.489611508883584
CO,,,35-44,,,24.712909759607697
CO,,,45-54,,,26.853570488639352
CO,,,55-64,,,26.281000652898527
CO,,,65+,,,21.463532492815425
CO,,,,American Indian/Alaska Native,,28.804376163873368
CO,,,,Asian,,8.78968023255814
CO,,,,Hispanic,,29.01781213241472
CO,,,,Non-Hispanic Black,,29.88638838475499
CO,,,,Non-Hispanic White,,20.694936374277837
CO,,,,Other,,24.380318584070796
CO,,,,,<High school,27.732859193527343
CO,,,,,College,17.314208439671916
CO,,,,,High school,24.820552949061664
CO,,,,,Some college/tech,24.7315548031238
CO,,,,,,22.085884241801644
CT,15000 - 24999,,,,,32.879443968389985
CT,25000 - 34999,,,,,31.803730583142347
CT,35000 - 49999,,,,,30.248121698297787
CT,50000 - 74999,,,,,29.307088643849347
CT,75000 or greater,,,,,23.794865602091267
CT,Less than 15000,,,,,35.99762606417812
CT,,Female,,,,26.49362539617626
CT,,Male,,,,28.062357692993046
CT,,,18-24,,,15.043185328185327
CT,,,25-34,,,27.586443680316762
CT,,,35-44,,,29.72891010093107
CT,,,45-54,,,31.1341124715111
CT,,,55-64,,,31.19705965393458
CT,,,65+,,,26.5232829760869
CT,,,,American Indian/Alaska Native,,20.5
CT,,,,Asian,,10.473158953722333
CT,,,,Hispanic,,33.486245657061104
CT,,,,Non-Hispanic Black,,37.86408984068947
CT,,,,Non-Hispanic White,,25.579162364557746
CT,,,,Other,,30.022708158116064
CT,,,,,<High school,33.840612313937754
CT,,,,,College,20.972480761480742
CT,,,,,High school,30.81369154852354
CT,,,,,Some college/tech,29.415942771559198
CT,,,,,,26.748269175044022
DC,15000 - 24999,,,,,33.96554641060814
DC,25000 - 34999,,,,,31.294458438287155
DC,35000 - 49999,,,,,28.24280089988751
DC,50000 - 74999,,,,,21.947065033783783
DC,75000 or greater,,,,,14.87032779906343
DC,Less than 15000,,,,,36.18625974724389
DC,,Female,,,,26.840909090909086
DC,,Male,,,,19.379257729882163
DC,,,18-24,,,14.935221238938054
DC,,,25-34,,,17.942646502835537
DC,,,35-44,,,24.34351549120349
DC,,,45-54,,,30.986478873239435
DC,,,55-64,,,31.341915775692776
DC,,,65+,,,24.681924050632905
DC,,,,Asian,,6.686345776031434
DC,,,,Hispanic,,22.544559841740853
DC,,,,Non-Hispanic Black,,36.55607930799883
DC,,,,Non-Hispanic White,,11.171562992726717
DC,,,,Other,,23.74965449160908
DC,,,,,<High school,37.20819070904645
DC,,,,,College,14.781443335332085
DC,,,,,High school,33.06508785332314
DC,,,,,Some college/tech,29.63618940248027
DC,,,,,,22.950693294886168
DE,15000 - 24999,,,,,36.452051972746
DE,25000 - 34999,,,,,35.409140347207696
DE,35000 - 49999,,,,,33.356712813908565
DE,50000 - 74999,,,,,32.83802386899806
DE,75000 or greater,,,,,29.734274067105673
DE,Less than 15000,,,,,36.43844162567952
DE,,Female,,,,32.915911536992674
DE,,Male,,,,31.414119040308787
DE,,,18-24,,,17.76153307665383
DE,,,25-34,,,29.728557033454255
DE,,,35-44,,,35.36784810126582
DE,,,45-54,,,37.443262758536285
DE,,,55-64,,,37.38470695970697
DE,,,65+,,,31.48293112653497
DE,,,,American Indian/Alaska Native,,33.4
DE,,,,Asian,,10.897594936708861
DE,,,,Hispanic,,32.79332706766917
DE,,,,Non-Hispanic Black,,40.13613445378151
DE,,,,Non-Hispanic White,,30.696690959755642
DE,,,,Other,,31.634470691163603
DE,,,,,<High school,36.50466895278291
DE,,,,,College,27.125224852682724
DE,,,,,High school,33.48632558762472
DE,,,,,Some college/tech,33.950067114093955
DE,,,,,,31.630355215465165
FL,15000 - 24999,,,,,31.28947150325131
FL,25000 - 34999,,,,,29.793067057160172
FL,35000 - 49999,,,,,29.051790341078025
FL,50000 - 74999,,,,,28.798250353788756
FL,75000 or greater,,,,,24.614982791162433
FL,Less than 15000,,,,,31.956234664287305
FL,,Female,,,,27.00779664596393
FL,,Male,,,,28.660989755674677
FL,,,18-24,,,15.529030458551825
FL,,,25-34,,,26.38061622223597
FL,,,35-44,,,30.557322039420104
FL,,,45-54,,,33.802437452615614
FL,,,55-64,,,31.748501902771075
FL,,,65+,,,25.999606509101067
FL,,,,American Indian/Alaska Native,,32.46287958115183
FL,,,,Asian,,12.315600211528293
FL,,,,Hawaiian/Pacific Islander,,22.4
FL,,,,Hispanic,,28.479481831156004
FL,,,,Non-Hispanic Black,,35.58836935398386
FL,,,,Non-Hispanic White,,26.42940249309074
FL,,,,Other,,29.245780922431866
FL,,,,,<High school,32.045746273124585
FL,,,,,College,22.759911580620592
FL,,,,,High school,29.741085385908836
FL,,,,,Some college/tech,28.529540679028276
FL,,,,,,27.21948100909347
GA,15000 - 24999,,,,,35.76799040099086
GA,25000 - 34999,,,,,34.513974344420475
GA,35000 - 49999,,,,,33.842295081967215
GA,50000 - 74999,,,,,34.02402585901523
GA,75000 or greater,,,,,28.02835458081244
GA,Less than 15000,,,,,37.22641181581234
GA,,Female,,,,33.716720721433376
GA,,Male,,,,30.738409349905915
GA,,,18-24,,,19.067279632220668
GA,,,25-34,,,30.9956357820176
GA,,,35-44,,,35.79024826029717
GA,,,45-54,,,38.05923071533665
GA,,,55-64,,,37.36119578617056
GA,,,65+,,,29.542461741923294
GA,,,,American Indian/Alaska Native,,28.5978021978022
GA,,,,Asian,,11.302586844050259
GA,,,,Hispanic,,31.613238095238096
GA,,,,Non-Hispanic Black,,39.741152282603615
GA,,,,Non-Hispanic White,,29.71260053147493
GA,,,,Other,,29.031290163124073
GA,,,,,<High school,36.187372405092326
GA,,,,,College,26.467926383384032
GA,,,,,High school,34.05970877872233
GA,,,,,Some college/tech,33.675306874864454
GA,,,,,,31.631219904442222
GU,15000 - 24999,,,,,32.88884462151395
GU,25000 - 34999,,,,,31.863047530288906
GU,35000 - 49999,,,,,32.051817447495964
GU,50000 - 74999,,,,,33.537955298013244
GU,75000 or greater,,,,,31.975371549893843
GU,Less than 15000,,,,,32.364473007712085
GU,,Female,,,,31.05751385417799
GU,,Male,,,,33.155956258724984
GU,,,18-24,,,23.06888763410502
GU,,,25-34,,,37.44302075876879
GU,,,35-44,,,34.47712418300653
GU,,,45-54,,,37.09858731590021
GU,,,55-64,,,30.902567128946593
GU,,,65+,,,22.691082802547772
GU,,,,Asian,,14.886706056129984
GU,,,,Hawaiian/Pacific Islander,,44.209186471663614
GU,,,,Hispanic,,33.36502384737678
GU,,,,Non-Hispanic White,,24.662506554798114
GU,,,,Other,,36.724049382716046
GU,,,,,<High school,33.86075058639563
GU,,,,,College,25.488406768302898
GU,,,,,High school,34.99210653753026
GU,,,,,Some college/tech,32.4256351039261
GU,,,,,,31.794303643527748
HI,15000 - 24999,,,,,25.38023868023868
HI,25000 - 34999,,,,,24.66566164154104
HI,35000 - 49999,,,,,24.619761415055535
HI,50000 - 74999,,,,,25.111172951161823
HI,75000 or greater,,,,,22.640772499034377
HI,Less than 15000,,,,,27.909753136382033
HI,,Female,,,,21.63769115141798
HI,,Male,,,,26.14396490918709
HI,,,18-24,,,17.07917648907748
HI,,,25-34,,,26.321955113156164
HI,,,35-44,,,29.432350073135055
HI,,,45-54,,,29.447316062176164
HI,,,55-64,,,24.69543859649123
HI,,,65+,,,17.437684006986025
HI,,,,Asian,,16.277180097238027
HI,,,,Hawaiian/Pacific Islander,,48.97882332402235
HI,,,,Hispanic,,31.793893866299104
HI,,,,Non-Hispanic Black,,31.64845070422535
HI,,,,Non-Hispanic White,,18.859559248091355
HI,,,,Other,,34.30571762553364
HI,,,,,<High school,28.298207784934192
HI,,,,,College,18.04215708323962
HI,,,,,High school,28.01776623167392
HI,,,,,Some college/tech,24.198141778209827
HI,,,,,,23.64289196364658
IA,15000 - 24999,,,,,37.394417890064865
IA,25000 - 34999,,,,,36.41338079782222
IA,35000 - 49999,,,,,35.626728144060415
IA,50000 - 74999,,,,,35.87860911575869
IA,75000 or greater,,,,,31.288368846738106
IA,Less than 15000,,,,,38.24423393739704
IA,,Female,,,,33.14369665513264
IA,,Male,,,,34.77374952352717
IA,,,18-24,,,20.506662646970156
IA,,,25-34,,,33.45211677367576
IA,,,35-44,,,38.470102432778496
IA,,,45-54,,,39.89924535730691
IA,,,55-64,,,39.05685643937491
IA,,,65+,,,32.26418609967993
IA,,,,American Indian/Alaska Native,,45.2
IA,,,,Asian,,12.778927203065134
IA,,,,Hispanic,,36.356352732119056
IA,,,,Non-Hispanic Black,,39.80435244161359
IA,,,,Non-Hispanic White,,34.0430624474937
IA,,,,Other,,36.62162485065711
IA,,,,,<High school,35.857045215562565
IA,,,,,College,28.845414030604292
IA,,,,,High school,35.88466917363334
IA,,,,,Some college/tech,35.590123456790124
IA,,,,,,33.416848349512904
ID,15000 - 24999,,,,,32.073615113672744
ID,25000 - 34999,,,,,31.09731222385862
ID,35000 - 49999,,,,,31.33
ID,50000 - 74999,,,,,30.85844267790441
ID,75000 or greater,,,,,26.05004635352287
ID,Less than 15000,,,,,32.349915872125635
ID,,Female,,,,29.03577515118197
ID,,Male,,,,29.975003112162323
ID,,,18-24,,,18.359645079511406
ID,,,25-34,,,29.018080201201624
ID,,,35-44,,,32.06426981300089
ID,,,45-54,,,35.52120979356698
ID,,,55-64,,,33.72930051035725
ID,,,65+,,,27.82570463161364
ID,,,,American Indian/Alaska Native,,39.68837837837838
ID,,,,Hispanic,,35.068165650406506
ID,,,,Non-Hispanic White,,28.70177303793707
ID,,,,Other,,33.25730110775428
ID,,,,,<High school,33.016193693693694
ID,,,,,College,25.110827744440524
ID,,,,,High school,30.094633106245773
ID,,,,,Some college/tech,30.84389113544459
ID,,,,,,29.09022689977668
IL,15000 - 24999,,,,,34.43602932041248
IL,25000 - 34999,,,,,32.58137637460092
IL,35000 - 49999,,,,,32.27054253181514
IL,50000 - 74999,,,,,32.0330260791367
IL,75000 or greater,,,,,27.918107954545455
IL,Less than 15000,,,,,36.015464353712716
IL,,Female,,,,31.27361905626683
IL,,Male,,,,30.77301495972382
IL,,,18-24,,,16.25261810565511
IL,,,25-34,,,27.980487110098274
IL,,,35-44,,,34.72278924327705
IL,,,45-54,,,36.12871227965342
IL,,,55-64,,,37.10544537815126
IL,,,65+,,,30.94330065359477
IL,,,,Asian,,9.542267050912583
IL,,,,Hispanic,,35.87864171640587
IL,,,,Non-Hispanic Black,,40.78945844193455
IL,,,,Non-Hispanic White,,29.79953679406731
IL,,,,Other,,28.756638418079095
IL,,,,,<High school,34.934151898734186
IL,,,,,College,24.87558394732717
IL,,,,,High school,33.40520005213085
IL,,,,,Some college/tech,33.375563345017525
IL,,,,,,30.684267151242445
IN,15000 - 24999,,,,,37.06859932497589
IN,25000 - 34999,,,,,35.79308621407746
IN,35000 - 49999,,,,,35.4498699045967
IN,50000 - 74999,,,,,35.60225144203932
IN,75000 or greater,,,,,30.60721272433444
IN,Less than 15000,,,,,37.769805160610844
IN,,Female,,,,34.518884602770534
IN,,Male,,,,33.499690613325036
IN,,,18-24,,,21.85431505714759
IN,,,25-34,,,33.724242424242426
IN,,,35-44,,,36.98967477825791
IN,,,45-54,,,39.55713821842192
IN,,,55-64,,,39.03385849094811
IN,,,65+,,,31.812021358814025
IN,,,,American Indian/Alaska Native,,38.211934156378604
IN,,,,Asian,,10.005508870214753
IN,,,,Hispanic,,35.65653363740023
IN,,,,Non-Hispanic Black,,42.58753829321663
IN,,,,Non-Hispanic White,,33.45819052287922
IN,,,,Other,,37.93374291115311
IN,,,,,<High school,36.52675274663043
IN,,,,,College,29.418031667673244
IN,,,,,High school,34.7955741409314
IN,,,,,Some college/tech,35.59514507615237
IN,,,,,,33.5197792574365
KS,15000 - 24999,,,,,35.56455888259182
KS,25000 - 34999,,,,,35.2004305646392
KS,35000 - 49999,,,,,34.880019071079495
KS,50000 - 74999,,,,,34.39157739454182
KS,75000 or greater,,,,,29.810586360013662
KS,Less than 15000,,,,,37.580928337319506
KS,,Female,,,,32.617935567901995
KS,,Male,,,,32.924908651614516
KS,,,18-24,,,20.600517617144934
KS,,,25-34,,,32.49022740586888
KS,,,35-44,,,37.48146241902564
KS,,,45-54,,,37.92783710914248
KS,,,55-64,,,38.11787072243345
KS,,,65+,,,29.43302111446261
KS,,,,American Indian/Alaska Native,,38.07398239823982
KS,,,,Asian,,11.330326086956523
KS,,,,Hispanic,,36.47997655334115
KS,,,,Non-Hispanic Black,,40.66821566464424
KS,,,,Non-Hispanic White,,32.2163977144891
KS,,,,Other,,36.38310273770974
KS,,,,,<High school,34.67873395880513
KS,,,,,College,28.133733758274087
KS,,,,,High school,34.41172648451432
KS,,,,,Some college/tech,34.83162244692718
KS,,,,,,32.20886096552622
KY,15000 - 24999,,,,,38.04448345035105
KY,25000 - 34999,,,,,37.24521659618242
KY,35000 - 49999,,,,,35.62536900369004
KY,50000 - 74999,,,,,35.97237425726002
KY,75000 or greater,,,,,30.96129913933473
KY,Less than 15000,,,,,37.23747875100653
KY,,Female,,,,33.60158074622615
KY,,Male,,,,34.4915126202078
KY,,,18-24,,,20.384960974681135
KY,,,25-34,,,33.78468244084682
KY,,,35-44,,,38.99461088618983
KY,,,45-54,,,40.111161939615734
KY,,,55-64,,,38.62473103511422
KY,,,65+,,,30.051886672595604
KY,,,,American Indian/Alaska Native,,30.650628930817614
KY,,,,Hispanic,,28.88120362737016
KY,,,,Non-Hispanic Black,,41.865601631543164
KY,,,,Non-Hispanic White,,33.76584924598208
KY,,,,Other,,34.151981619758764
KY,,,,,<High school,35.596250371986905
KY,,,,,College,29.322026917702427
KY,,,,,High school,35.15907942296004
KY,,,,,Some college/tech,35.064082873978336
KY,,,,,,33.30108295301559
LA,15000 - 24999,,,,,39.223734713915924
LA,25000 - 34999,,,,,37.55303684513529
LA,35000 - 49999,,,,,37.70491301151679
LA,50000 - 74999,,,,,36.89178017848756
LA,75000 or greater,,,,,34.002534340659345
LA,Less than 15000,,,,,39.78038735270097
LA,,Female,,,,37.23069655687226
LA,,Male,,,,34.828081251715616
LA,,,18-24,,,22.708823529411763
LA,,,25-34,,,34.291727733934614
LA,,,35-44,,,41.642379392159086
LA,,,45-54,,,42.539087618887294
LA,,,55-64,,,40.69067743551214
LA,,,65+,,,32.861448809817965
LA,,,,American Indian/Alaska Native,,38.30035149384886
LA,,,,Hispanic,,34.14057203389831
LA,,,,Non-Hispanic Black,,43.7525737778779
LA,,,,Non-Hispanic White,,32.8654177486501
LA,,,,Other,,34.03489932885906
LA,,,,,<High school,37.954298245614034
LA,,,,,College,30.31920249498775
LA,,,,,High school,37.26609813697193
LA,,,,,Some college/tech,37.48099506225848
LA,,,,,,35.269558399925664
MA,15000 - 24999,,,,,28.86085834578297
MA,25000 - 34999,,,,,26.725848361450456
MA,35000 - 49999,,,,,27.01997186018957
MA,50000 - 74999,,,,,26.756567145841014
MA,75000 or greater,,,,,21.11064109165808
MA,Less than 15000,,,,,31.216235195472176
MA,,Female,,,,23.053956698496734
MA,,Male,,,,25.682791998279203
MA,,,18-24,,,12.839975278121138
MA,,,25-34,,,22.150824628916986
MA,,,35-44,,,26.12518717828732
MA,,,45-54,,,28.47522720609792
MA,,,55-64,,,29.348022043595765
MA,,,65+,,,24.749350803203335
MA,,,,American Indian/Alaska Native,,30.828859060402685
MA,,,,Asian,,8.704920553562275
MA,,,,Hispanic,,31.953563052498644
MA,,,,Non-Hispanic Black,,34.0132730015083
MA,,,,Non-Hispanic White,,23.87487834722973
MA,,,,Other,,26.3671875
MA,,,,,<High school,31.464677530410835
MA,,,,,College,18.63701371571072
MA,,,,,High school,27.857984240301725
MA,,,,,Some college/tech,26.32333089707331
MA,,,,,,23.9666206247625
MD,15000 - 24999,,,,,34.889998802968634
MD,25000 - 34999,,,,,34.048860878415404
MD,35000 - 49999,,,,,35.182745935682924
MD,50000 - 74999,,,,,33.023309141101564
MD,75000 or greater,,,,,28.191489828772138
MD,Less than 15000,,,,,35.44337404932013
MD,,Female,,,,32.0674043356873
MD,,Male,,,,29.74523479843336
MD,,,18-24,,,17.545469798657717
MD,,,25-34,,,29.010230877037692
MD,,,35-44,,,34.30680248096415
MD,,,45-54,,,36.46518798557159
MD,,,55-64,,,35.78160012500977
MD,,,65+,,,29.08879461850797
MD,,,,American Indian/Alaska Native,,35.44059080962801
MD,,,,Asian,,11.48349710254472
MD,,,,Hispanic,,31.415327234342012
MD,,,,Non-Hispanic Black,,39.835148457096196
MD,,,,Non-Hispanic White,,28.475065568567175
MD,,,,Other,,32.449185185185186
MD,,,,,<High school,35.31260064833211
MD,,,,,College,24.815980017113805
MD,,,,,High school,34.91731113376373
MD,,,,,Some college/tech,33.415869773541125
MD,,,,,,30.411732062414313
ME,15000 - 24999,,,,,33.77170068800819
ME,25000 - 34999,,,,,32.36742111471543
ME,35000 - 49999,,,,,31.845457707693203
ME,50000 - 74999,,,,,30.912092951360258
ME,75000 or greater,,,,,26.565452930728245
ME,Less than 15000,,,,,35.93980032638955
ME,,Female,,,,29.796914685431155
ME,,Male,,,,30.75806835965287
ME,,,18-24,,,18.399724867724867
ME,,,25-34,,,28.97499464323977
ME,,,35-44,,,33.12381538461539
ME,,,45-54,,,35.9097078905488
ME,,,55-64,,,33.924656121045395
ME,,,65+,,,27.62921770839268
ME,,,,American Indian/Alaska Native,,35.91066447908122
ME,,,,Asian,,18.4
ME,,,,Hispanic,,30.56346555323591
ME,,,,Non-Hispanic Black,,25.7525
ME,,,,Non-Hispanic White,,30.314267566692408
ME,,,,Other,,32.87416445623342
ME,,,,,<High school,33.49270851246776
ME,,,,,College,23.237846726044825
ME,,,,,High school,33.198910310142494
ME,,,,,Some college/tech,32.602101688961746
ME,,,,,,29.77975123432101
MI,15000 - 24999,,,,,37.42636835278859
MI,25000 - 34999,,,,,34.87187575054038
MI,35000 - 49999,,,,,34.69556309622895
MI,50000 - 74999,,,,,33.82272444066837
MI,75000 or greater,,,,,29.379036238014663
MI,Less than 15000,,,,,37.591810573153936
MI,,Female,,,,33.40473103180412
MI,,Male,,,,32.363470941165936
MI,,,18-24,,,18.506261578362356
MI,,,25-34,,,31.562315987675458
MI,,,35-44,,,36.273564213564214
MI,,,45-54,,,38.156249036831554
MI,,,55-64,,,37.697264251872234
MI,,,65+,,,31.959695651172964
MI,,,,American Indian/Alaska Native,,34.407836990595605
MI,,,,Asian,,10.316593406593407
MI,,,,Hispanic,,38.749296696107294
MI,,,,Non-Hispanic Black,,40.17793686950862
MI,,,,Non-Hispanic White,,32.05207322608301
MI,,,,Other,,33.762512363996045
MI,,,,,<High school,33.88561939554965
MI,,,,,College,27.735774258688483
MI,,,,,High school,34.58072567114094
MI,,,,,Some college/tech,34.82898919966768
MI,,,,,,32.325890371704595
MN,15000 - 24999,,,,,32.605792635957485
MN,25000 - 34999,,,,,30.805053255870245
MN,35000 - 49999,,,,,30.821266144399743
MN,50000 - 74999,,,,,31.427522565000675
MN,75000 or greater,,,,,26.366200297287257
MN,Less than 15000,,,,,31.814217252396165
MN,,Female,,,,27.14119430885865
MN,,Male,,,,30.85466381193365
MN,,,18-24,,,16.668167098445597
MN,,,25-34,,,26.124081844326053
MN,,,35-44,,,31.7493234744826
MN,,,45-54,,,33.544357782422864
MN,,,55-64,,,34.01189952511872
MN,,,65+,,,29.08430576070901
MN,,,,American Indian/Alaska Native,,41.50940334128879
MN,,,,Asian,,16.310726447219068
MN,,,,Hispanic,,33.48592679257897
MN,,,,Non-Hispanic Black,,32.61203857665447
MN,,,,Non-Hispanic White,,29.062591740209847
MN,,,,Other,,34.454431342715864
MN,,,,,<High school,32.66919298245614
MN,,,,,College,23.92917374363073
MN,,,,,High school,30.9254706082229
MN,,,,,Some college/tech,31.55601981515194
MN,,,,,,28.728095788164204
MO,15000 - 24999,,,,,36.1224632555215
MO,25000 - 34999,,,,,35.94627813683976
MO,35000 - 49999,,,,,34.9122816032888
MO,50000 - 74999,,,,,34.60028130525639
MO,75000 or greater,,,,,31.38367938754205
MO,Less than 15000,,,,,37.085655029381265
MO,,Female,,,,33.45158502572966
MO,,Male,,,,33.14140533696923
MO,,,18-24,,,20.71048113038812
MO,,,25-34,,,31.856533506549745
MO,,,35-44,,,37.57775611658056
MO,,,45-54,,,39.59607494630823
MO,,,55-64,,,38.324971231300346
MO,,,65+,,,30.252558881326
MO,,,,American Indian/Alaska Native,,37.59810495626822
MO,,,,Asian,,10.186064030131828
MO,,,,Hispanic,,35.249836601307194
MO,,,,Non-Hispanic Black,,40.90296145586074
MO,,,,Non-Hispanic White,,32.60203938580365
MO,,,,Other,,36.478009895547004
MO,,,,,<High school,36.21835019046368
MO,,,,,College,28.53532394949286
MO,,,,,High school,33.75617735975815
MO,,,,,Some college/tech,35.65416650312046
MO,,,,,,32.584000285072875
MS,15000 - 24999,,,,,41.1812440645774
MS,25000 - 34999,,,,,39.29011805279215
MS,35000 - 49999,,,,,37.84601867780782
MS,50000 - 74999,,,,,37.06012316199573
MS,75000 or greater,,,,,32.313626147218585
MS,Less than 15000,,,,,41.678303393213575
MS,,Female,,,,39.5221148220095
MS,,Male,,,,34.91251539074383
MS,,,18-24,,,25.817703722988806
MS,,,25-34,,,37.946164119305536
MS,,,35-44,,,42.95744398940015
MS,,,45-54,,,44.08050427735254
MS,,,55-64,,,41.08421957671957
MS,,,65+,,,31.054537158274808
MS,,,,American Indian/Alaska Native,,41.9
MS,,,,Hispanic,,29.635897435897437
MS,,,,Non-Hispanic Black,,45.07663587048653
MS,,,,Non-Hispanic White,,32.93464915428599
MS,,,,Other,,25.8109375
MS,,,,,<High school,38.32415875754962
MS,,,,,College,33.22567149276086
MS,,,,,High school,37.74659889094269
MS,,,,,Some college/tech,38.5469980800166
MS,,,,,,36.551811905785684
MT,15000 - 24999,,,,,28.114653834212973
MT,25000 - 34999,,,,,27.432873851294904
MT,35000 - 49999,,,,,27.49255542968118
MT,50000 - 74999,,,,,27.75489026535138
MT,75000 or greater,,,,,24.83893984514592
MT,Less than 15000,,,,,30.526939426142402
MT,,Female,,,,26.010821536060643
MT,,Male,,,,27.441489462918035
MT,,,18-24,,,15.381098546041999
MT,,,25-34,,,25.39385653409091
MT,,,35-44,,,29.301992155243603
MT,,,45-54,,,31.463182290417965
MT,,,55-64,,,30.812722189988925
MT,,,65+,,,25.7051051980198
MT,,,,American Indian/Alaska Native,,39.588047113566965
MT,,,,Hispanic,,30.690946502057614
MT,,,,Non-Hispanic White,,25.82770185666393
MT,,,,Other,,31.5105393369619
MT,,,,,<High school,28.00807647288334
MT,,,,,College,22.059375
MT,,,,,High school,28.698074091759178
MT,,,,,Some college/tech,28.42306060255372
MT,,,,,,26.420148423735988
NC,15000 - 24999,,,,,35.52324760463944
NC,25000 - 34999,,,,,34.24124373634846
NC,35000 - 49999,,,,,33.235734627149036
NC,50000 - 74999,,,,,32.147057013945854
NC,75000 or greater,,,,,27.22488499316176
NC,Less than 15000,,,,,35.79839507823994
NC,,Female,,,,32.398929896860274
NC,,Male,,,,30.22164429049896
NC,,,18-24,,,18.872092067406495
NC,,,25-34,,,30.140947379936552
NC,,,35-44,,,34.466171693735504
NC,,,45-54,,,37.36455395576666
NC,,,55-64,,,36.519337890872265
NC,,,65+,,,27.963945028294262
NC,,,,American Indian/Alaska Native,,40.78162411050649
NC,,,,Asian,,12.387056128293242
NC,,,,Hispanic,,30.558851674641147
NC,,,,Non-Hispanic Black,,42.74156315422192
NC,,,,Non-Hispanic White,,28.44507584207004
NC,,,,Other,,28.26826849733028
NC,,,,,<High school,35.40811657032755
NC,,,,,College,24.985301257200824
NC,,,,,High school,32.852862640756406
NC,,,,,Some college/tech,33.4162498850786
NC,,,,,,30.704988083614182
ND,15000 - 24999,,,,,34.39123310118804
ND,25000 - 34999,,,,,33.98360037700283
ND,35000 - 49999,,,,,34.27587453482191
ND,50000 - 74999,,,,,34.305505819158455
ND,75000 or greater,,,,,31.672400453889004
ND,Less than 15000,,,,,34.53552421500798
ND,,Female,,,,30.54234061475182
ND,,Male,,,,34.60406276100704
ND,,,18-24,,,18.528444802578566
ND,,,25-34,,,30.91503035687842
ND,,,35-44,,,39.11732159285057
ND,,,45-54,,,38.48444
ND,,,55-64,,,37.68162226482449
ND,,,65+,,,31.69476348137154
ND,,,,American Indian/Alaska Native,,45.55846020008699
ND,,,,Hispanic,,36.80824499411072
ND,,,,Non-Hispanic Black,,27.470262390670555
ND,,,,Non-Hispanic White,,32.396749771775745
ND,,,,Other,,37.81697341513292
ND,,,,,<High school,32.78830178759201
ND,,,,,College,28.680210179792354
ND,,,,,High school,33.5877433493018
ND,,,,,Some college/tech,34.72778725314183
ND,,,,,,32.16093876350805
NE,15000 - 24999,,,,,33.79020879355804
NE,25000 - 34999,,,,,33.9312550900371
NE,35000 - 49999,,,,,33.96258036720355
NE,50000 - 74999,,,,,33.80541552597627
NE,75000 or greater,,,,,29.36460077667288
NE,Less than 15000,,,,,34.30926958650707
NE,,Female,,,,31.150322604229494
NE,,Male,,,,32.77430683095691
NE,,,18-24,,,17.656638276553107
NE,,,25-34,,,29.965704651393434
NE,,,35-44,,,35.65393964794635
NE,,,45-54,,,37.41119122677577
NE,,,55-64,,,38.14352805288639
NE,,,65+,,,30.95621337588379
NE,,,,American Indian/Alaska Native,,41.95915238954012
NE,,,,Asian,,12.302372583479789
NE,,,,Hispanic,,34.01829965299041
NE,,,,Non-Hispanic Black,,37.08603663392619
NE,,,,Non-Hispanic White,,31.69543976498028
NE,,,,Other,,34.69888023369036
NE,,,,,<High school,33.48185065487328
NE,,,,,College,27.59098987864117
NE,,,,,High school,33.502519093372754
NE,,,,,Some college/tech,33.79648398295464
NE,,,,,,31.537920727573667
NH,15000 - 24999,,,,,32.127376565954314
NH,25000 - 34999,,,,,30.91477832512315
NH,35000 - 49999,,,,,31.343248875726665
NH,50000 - 74999,,,,,30.01532400849858
NH,75000 or greater,,,,,25.952451004349737
NH,Less than 15000,,,,,36.81476115010187
NH,,Female,,,,26.94715910439965
NH,,Male,,,,30.32732224520113
NH,,,18-24,,,15.764339250493096
NH,,,25-34,,,27.293770747900805
NH,,,35-44,,,32.7680127671385
NH,,,45-54,,,32.84273611810098
NH,,,55-64,,,31.56513640531866
NH,,,65+,,,27.11570327552986
NH,,,,Asian,,9.382037037037035
NH,,,,Hispanic,,29.943129388164493
NH,,,,Non-Hispanic White,,29.04028565014872
NH,,,,Other,,28.7095328884652
NH,,,,,<High school,34.08773444477523
NH,,,,,College,23.140916163006406
NH,,,,,High school,31.930592334494772
NH,,,,,Some college/tech,30.147549750604206
NH,,,,,,28.22202608125396
NJ,15000 - 24999,,,,,30.618251091218468
NJ,25000 - 34999,,,,,30.819059929494713
NJ,35000 - 49999,,,,,29.518909024345596
NJ,50000 - 74999,,,,,28.07577648560488
NJ,75000 or greater,,,,,23.867074593733104
NJ,Less than 15000,,,,,31.73280603193377
NJ,,Female,,,,24.873131563687906
NJ,,Male,,,,28.01808776585516
NJ,,,18-24,,,13.58856378532018
NJ,,,25-34,,,24.60598385989011
NJ,,,35-44,,,28.677424087777496
NJ,,,45-54,,,30.175485586740756
NJ,,,55-64,,,30.758983703218412
NJ,,,65+,,,26.71554689943419
NJ,,,,American Indian/Alaska Native,,28.017491749174916
NJ,,,,Asian,,10.608964971304173
NJ,,,,Hispanic,,30.8615174251455
NJ,,,,Non-Hispanic Black,,35.99625543816035
NJ,,,,Non-Hispanic White,,25.63372311792835
NJ,,,,Other,,27.502362562471607
NJ,,,,,<High school,33.438451142046226
NJ,,,,,College,20.478921003458833
NJ,,,,,High school,29.881039408019273
NJ,,,,,Some college/tech,27.714180793056123
NJ,,,,,,25.909362429605792
NM,15000 - 24999,,,,,31.715648854961827
NM,25000 - 34999,,,,,30.96847048777885
NM,35000 - 49999,,,,,29.62640316951231
NM,50000 - 74999,,,,,30.47549778761062
NM,75000 or greater,,,,,25.676972674240094
NM,Less than 15000,,,,,33.43782911328559
NM,,Female,,,,29.776050519105205
NM,,Male,,,,29.16080233679923
NM,,,18-24,,,19.37851383743735
NM,,,25-34,,,32.05961675791478
NM,,,35-44,,,35.331417701241485
NM,,,45-54,,,35.29644745024876
NM,,,55-64,,,31.894055259436527
NM,,,65+,,,22.83577309540612
NM,,,,American Indian/Alaska Native,,40.590254354437384
NM,,,,Asian,,9.170648464163822
NM,,,,Hispanic,,32.77191055882671
NM,,,,Non-Hispanic Black,,33.3996835443038
NM,,,,Non-Hispanic White,,24.133369528333894
NM,,,,Other,,26.53922651933702
NM,,,,,<High school,34.871422348072315
NM,,,,,College,22.43205423822143
NM,,,,,High school,30.563750329902344
NM,,,,,Some college/tech,30.962129403557732
NM,,,,,,29.01439300946635
NV,15000 - 24999,,,,,27.798335315101074
NV,25000 - 34999,,,,,31.05708511650024
NV,35000 - 49999,,,,,29.349935436266378
NV,50000 - 74999,,,,,27.87836157313851
NV,75000 or greater,,,,,26.096801864801865
NV,Less than 15000,,,,,30.502970616725865
NV,,Female,,,,27.183613038906415
NV,,Male,,,,28.344678022843638
NV,,,18-24,,,15.655567567567566
NV,,,25-34,,,28.07533167495854
NV,,,35-44,,,31.09380675626589
NV,,,45-54,,,32.53184301322599
NV,,,55-64,,,30.44054971157109
NV,,,65+,,,25.313281353244353
NV,,,,American Indian/Alaska Native,,40.01912225705329
NV,,,,Asian,,15.606101694915251
NV,,,,Hispanic,,30.65837368508933
NV,,,,Non-Hispanic Black,,34.603673880221436
NV,,,,Non-Hispanic White,,26.812504782553244
NV,,,,Other,,26.96241771394375
NV,,,,,<High school,31.57836055276382
NV,,,,,College,22.048674650161463
NV,,,,,High school,28.846021854191573
NV,,,,,Some college/tech,28.907217654086722
NV,,,,,,27.526813211975504
NY,15000 - 24999,,,,,30.734124136866875
NY,25000 - 34999,,,,,29.647849548538765
NY,35000 - 49999,,,,,29.752372935341494
NY,50000 - 74999,,,,,28.639888846301268
NY,75000 or greater,,,,,23.561463445193894
NY,Less than 15000,,,,,32.8197597296959
NY,,Female,,,,26.983230355250942
NY,,Male,,,,27.09964745136717
NY,,,18-24,,,15.956065921514236
NY,,,25-34,,,24.0170407534548
NY,,,35-44,,,29.77623722539632
NY,,,45-54,,,32.25840960924434
NY,,,55-64,,,31.800612123377395
NY,,,65+,,,26.07177989593679
NY,,,,American Indian/Alaska Native,,30.241302791696498
NY,,,,Asian,,11.822702863961814
NY,,,,Hawaiian/Pacific Islander,,31.06
NY,,,,Hispanic,,30.74687381223869
NY,,,,Non-Hispanic Black,,34.57209384371142
NY,,,,Non-Hispanic White,,26.423972804999483
NY,,,,Other,,28.196276167471815
NY,,,,,<High school,32.63402315204035
NY,,,,,College,20.572597618222858
NY,,,,,High school,30.51779587759571
NY,,,,,Some college/tech,29.068748379375684
NY,,,,,,26.560343631243896
OH,15000 - 24999,,,,,36.41561431202315
OH,25000 - 34999,,,,,35.38494107641842
OH,35000 - 49999,,,,,35.532450195111934
OH,50000 - 74999,,,,,35.176389668725434
OH,75000 or greater,,,,,30.36198811312128
OH,Less than 15000,,,,,37.70926489429853
OH,,Female,,,,33.79230796028567
OH,,Male,,,,33.49148556030695
OH,,,18-24,,,19.663630380413323
OH,,,25-34,,,31.78943841503387
OH,,,35-44,,,37.55568071912158
OH,,,45-54,,,39.748364543298706
OH,,,55-64,,,38.68949901681684
OH,,,65+,,,32.009204491538824
OH,,,,American Indian/Alaska Native,,36.72932960893854
OH,,,,Asian,,11.632618343195267
OH,,,,Hispanic,,34.796651949963206
OH,,,,Non-Hispanic Black,,39.59439860207746
OH,,,,Non-Hispanic White,,33.20598798357856
OH,,,,Other,,37.43145053475936
OH,,,,,<High school,35.18459244532803
OH,,,,,College,28.583826406114504
OH,,,,,High school,35.200965465324174
OH,,,,,Some college/tech,35.560399487340696
OH,,,,,,33.156434021640734
OK,15000 - 24999,,,,,37.44019323671498
OK,25000 - 34999,,,,,35.01615218134184
OK,35000 - 49999,,,,,36.79189066059226
OK,50000 - 74999,,,,,36.50962257432793
OK,75000 or greater,,,,,32.31924139663401
OK,Less than 15000,,,,,37.235569795200405
OK,,Female,,,,34.921905406548774
OK,,Male,,,,34.74674182252968
OK,,,18-24,,,25.142310486800678
OK,,,25-34,,,34.06487282147904
OK,,,35-44,,,39.577043962601955
OK,,,45-54,,,41.37734362307067
OK,,,55-64,,,39.19962776176752
OK,,,65+,,,29.704871703144818
OK,,,,American Indian/Alaska Native,,41.94856218547807
OK,,,,Asian,,10.675158227848101
OK,,,,Hispanic,,36.67649199417758
OK,,,,Non-Hispanic Black,,40.21181657848325
OK,,,,Non-Hispanic White,,33.863954317187755
OK,,,,Other,,36.31775956284154
OK,,,,,<High school,35.623238530798915
OK,,,,,College,29.900372165148283
OK,,,,,High school,35.75545450838057
OK,,,,,Some college/tech,36.80857738071391
OK,,,,,,34.28985223392365
OR,15000 - 24999,,,,,32.63425151092515
OR,25000 - 34999,,,,,29.60189529283828
OR,35000 - 49999,,,,,31.270923656927422
OR,50000 - 74999,,,,,29.634406165004535
OR,75000 or greater,,,,,25.952983552212164
OR,Less than 15000,,,,,34.84636526588329
OR,,Female,,,,29.192256741401767
OR,,Male,,,,29.053124511550845
OR,,,18-24,,,16.32891481913652
OR,,,25-34,,,28.37709155736661
OR,,,35-44,,,32.00409746503497
OR,,,45-54,,,34.33327370304115
OR,,,55-64,,,33.53409057383095
OR,,,65+,,,27.435548275709415
OR,,,,American Indian/Alaska Native,,39.07898550724637
OR,,,,Asian,,12.282660550458717
OR,,,,Hispanic,,35.1941912869304
OR,,,,Non-Hispanic Black,,31.88641425389755
OR,,,,Non-Hispanic White,,28.703476580505615
OR,,,,Other,,32.02807172251617
OR,,,,,<High school,34.37605233219567
OR,,,,,College,22.07621886929649
OR,,,,,High school,31.032597033764596
OR,,,,,Some college/tech,31.971154669584664
OR,,,,,,28.648449985558873
PA,15000 - 24999,,,,,34.144097448131284
PA,25000 - 34999,,,,,32.59835855894266
PA,35000 - 49999,,,,,32.595418360433605
PA,50000 - 74999,,,,,32.43442145364906
PA,75000 or greater,,,,,26.533576797316233
PA,Less than 15000,,,,,36.64387073259628
PA,,Female,,,,30.042919688319703
PA,,Male,,,,30.883663965300762
PA,,,18-24,,,17.025777991658646
PA,,,25-34,,,27.90112052730697
PA,,,35-44,,,33.67914889988061
PA,,,45-54,,,35.22163192522905
PA,,,55-64,,,35.50772427279393
PA,,,65+,,,29.989580782847504
PA,,,,American Indian/Alaska Native,,18.4
PA,,,,Asian,,8.303450363196127
PA,,,,Hispanic,,34.46090937796021
PA,,,,Non-Hispanic Black,,38.158362989323834
PA,,,,Non-Hispanic White,,29.909769984345807
PA,,,,Other,,33.8449740034662
PA,,,,,<High school,33.54669286182057
PA,,,,,College,23.39085545722714
PA,,,,,High school,33.5445986554726
PA,,,,,Some college/tech,32.018378138191515
PA,,,,,,29.950691857849755
PR,15000 - 24999,,,,,33.07158146845296
PR,25000 - 34999,,,,,30.93227573182247
PR,35000 - 49999,,,,,31.482061546159624
PR,50000 - 74999,,,,,31.07911149081589
PR,75000 or greater,,,,,28.432471728594507
PR,Less than 15000,,,,,33.423673805601325
PR,,Female,,,,33.216858508942806
PR,,Male,,,,30.18673720007557
PR,,,18-24,,,19.049339207048458
PR,,,25-34,,,30.731606749816585
PR,,,35-44,,,37.53711500974659
PR,,,45-54,,,40.18311337420762
PR,,,55-64,,,37.74407926074116
PR,,,65+,,,25.312652420620545
PR,,,,Hispanic,,31.776949183636027
PR,,,,,<High school,32.81254324294163
PR,,,,,College,29.75092465565494
PR,,,,,High school,32.37363524024133
PR,,,,,Some college/tech,32.42727013135352
PR,,,,,,31.205532752232926
RI,15000 - 24999,,,,,31.744585039077034
RI,25000 - 34999,,,,,31.49657083477658
RI,35000 - 49999,,,,,30.087850847457624
RI,50000 - 74999,,,,,29.188969490078943
RI,75000 or greater,,,,,25.15101417666303
RI,Less than 15000,,,,,34.31499338249197
RI,,Female,,,,26.96437677234755
RI,,Male,,,,29.495764068062314
RI,,,18-24,,,16.726972598217234
RI,,,25-34,,,28.98219765715228
RI,,,35-44,,,31.58491315136476
RI,,,45-54,,,32.523358661316486
RI,,,55-64,,,31.961766332739227
RI,,,65+,,,26.288005040240634
RI,,,,Asian,,9.883737373737375
RI,,,,Hispanic,,32.58787987129067
RI,,,,Non-Hispanic Black,,34.8128421900161
RI,,,,Non-Hispanic White,,27.53591674125555
RI,,,,Other,,31.2266506602641
RI,,,,,<High school,33.61726829268293
RI,,,,,College,22.373708377378435
RI,,,,,High school,30.97372521658236
RI,,,,,Some college/tech,29.09166666666667
RI,,,,,,27.72004030321137
SC,15000 - 24999,,,,,37.084646992902506
SC,25000 - 34999,,,,,36.42514086183636
SC,35000 - 49999,,,,,34.22197651663405
SC,50000 - 74999,,,,,34.02246821705427
SC,75000 or greater,,,,,28.92323658454269
SC,Less than 15000,,,,,39.38576366559485
SC,,Female,,,,34.93546032560659
SC,,Male,,,,31.56319748866929
SC,,,18-24,,,20.29747569503667
SC,,,25-34,,,32.3546761211192
SC,,,35-44,,,38.232521923193225
SC,,,45-54,,,40.21738594988221
SC,,,55-64,,,37.51245703811197
SC,,,65+,,,29.23901291885345
SC,,,,American Indian/Alaska Native,,38.51156004489338
SC,,,,Asian,,15.328299120234604
SC,,,,Hispanic,,30.386743215031316
SC,,,,Non-Hispanic Black,,43.08803189707163
SC,,,,Non-Hispanic White,,30.07631557040754
SC,,,,Other,,32.32485811577753
SC,,,,,<High school,35.608263473053896
SC,,,,,College,27.799033989266547
SC,,,,,High school,35.105581795954656
SC,,,,,Some college/tech,34.6784675043588
SC,,,,,,32.53513246965844
SD,15000 - 24999,,,,,33.35823739579198
SD,25000 - 34999,,,,,33.844205279256826
SD,35000 - 49999,,,,,32.78221709006929
SD,50000 - 74999,,,,,33.46450956757571
SD,75000 or greater,,,,,30.457299024554324
SD,Less than 15000,,,,,34.78925358213929
SD,,Female,,,,30.338132007154385
SD,,Male,,,,33.21720925522757
SD,,,18-24,,,17.312932924156073
SD,,,25-34,,,30.947792571829012
SD,,,35-44,,,35.855820925352255
SD,,,45-54,,,37.405023524055245
SD,,,55-64,,,37.792794968270904
SD,,,65+,,,29.72774770157286
SD,,,,American Indian/Alaska Native,,43.18344581565754
SD,,,,Hispanic,,35.39336188436831
SD,,,,Non-Hispanic Black,,30.8
SD,,,,Non-Hispanic White,,30.9824771949829
SD,,,,Other,,37.825714285714284
SD,,,,,<High school,33.42391178177597
SD,,,,,College,29.363276194410023
SD,,,,,High school,31.953901710781153
SD,,,,,Some college/tech,33.10553540752052
SD,,,,,,31.307862024588328
TN,15000 - 24999,,,,,36.70887209627764
TN,25000 - 34999,,,,,35.056659651232714
TN,35000 - 49999,,,,,36.016762230084176
TN,50000 - 74999,,,,,35.94586751561161
TN,75000 or greater,,,,,31.83034071550255
TN,Less than 15000,,,,,37.77349853002939
TN,,Female,,,,34.54996374935267
TN,,Male,,,,33.60153099841739
TN,,,18-24,,,21.383784538096563
TN,,,25-34,,,33.57524420469456
TN,,,35-44,,,39.55254110612855
TN,,,45-54,,,40.89879996470484
TN,,,55-64,,,38.75335995593501
TN,,,65+,,,29.0238539970868
TN,,,,American Indian/Alaska Native,,31.236286919831223
TN,,,,Asian,,12.4
TN,,,,Hispanic,,33.47231270358306
TN,,,,Non-Hispanic Black,,44.12593148287071
TN,,,,Non-Hispanic White,,32.51681024320354
TN,,,,Other,,37.3359375
TN,,,,,<High school,35.909183090545554
TN,,,,,College,28.55792874109264
TN,,,,,High school,35.94500768049155
TN,,,,,Some college/tech,35.41763953746943
TN,,,,,,33.29585296320457
TX,15000 - 24999,,,,,36.58120374938333
TX,25000 - 34999,,,,,35.06437541799808
TX,35000 - 49999,,,,,33.57912350097319
TX,50000 - 74999,,,,,35.07535376044569
TX,75000 or greater,,,,,29.24867485845079
TX,Less than 15000,,,,,39.6189859839817
TX,,Female,,,,33.444194312796206
TX,,Male,,,,32.89285947890549
TX,,,18-24,,,19.996160898464364
TX,,,25-34,,,31.847525473071325
TX,,,35-44,,,36.20357861302277
TX,,,45-54,,,40.070862794236106
TX,,,55-64,,,38.590877708409835
TX,,,65+,,,30.385586813980062
TX,,,,American Indian/Alaska Native,,37.805628847845206
TX,,,,Asian,,11.07981220657277
TX,,,,Hispanic,,37.867353047141314
TX,,,,Non-Hispanic Black,,40.90566790846194
TX,,,,Non-Hispanic White,,29.930468266118197
TX,,,,Other,,28.503974016048915
TX,,,,,<High school,39.05383826191914
TX,,,,,College,26.136880193969905
TX,,,,,High school,35.56096066868953
TX,,,,,Some college/tech,33.899994687632805
TX,,,,,,32.60715296628848
US,15000 - 24999,,,,,33.929314466985836
US,25000 - 34999,,,,,32.71904387955129
US,35000 - 49999,,,,,32.01770829795708
US,50000 - 74999,,,,,31.65228793445658
US,75000 or greater,,,,,26.507095419886443
US,Less than 15000,,,,,35.111418419306425
US,,Female,,,,30.22694654196324
US,,Male,,,,30.131802736721976
US,,,18-24,,,17.64847082569674
US,,,25-34,,,28.652173994696476
US,,,35-44,,,33.588843346980475
US,,,45-54,,,35.63007127095524
US,,,55-64,,,34.97135032985833
US,,,65+,,,28.19775904010013
US,,,,American Indian/Alaska Native,,37.14659401499755
US,,,,Asian,,11.009911037833167
US,,,,Hawaiian/Pacific Islander,,33.975341051544866
US,,,,Hispanic,,33.606774260123004
US,,,,Non-Hispanic Black,,39.55456729674061
US,,,,Non-Hispanic White,,29.137704277141708
US,,,,Other,,30.639525139664805
US,,,,,<High school,35.05850615536625
US,,,,,College,23.57571126537403
US,,,,,High school,32.51250520297438
US,,,,,Some college/tech,31.93834239288463
US,,,,,,29.652230159036318
UT,15000 - 24999,,,,,28.18266089202948
UT,25000 - 34999,,,,,29.262359744519248
UT,35000 - 49999,,,,,29.401767464229888
UT,50000 - 74999,,,,,28.70300398442047
UT,75000 or greater,,,,,25.130064647165188
UT,Less than 15000,,,,,27.867170206401436
UT,,Female,,,,26.310359293399163
UT,,Male,,,,27.338095588451687
UT,,,18-24,,,14.073837209302326
UT,,,25-34,,,25.15750139998982
UT,,,35-44,,,30.001451258448398
UT,,,45-54,,,32.792976012333924
UT,,,55-64,,,33.401169365201746
UT,,,65+,,,27.52339979013641
UT,,,,American Indian/Alaska Native,,37.71286764705882
UT,,,,Asian,,9.826205023761032
UT,,,,Hawaiian/Pacific Islander,,62.872549019607845
UT,,,,Hispanic,,30.81861525311046
UT,,,,Non-Hispanic Black,,30.03238993710692
UT,,,,Non-Hispanic White,,26.399290460449425
UT,,,,Other,,26.391858174655287
UT,,,,,<High school,29.088318356867774
UT,,,,,College,23.71826544021025
UT,,,,,High school,27.473647624224046
UT,,,,,Some college/tech,28.145021654837755
UT,,,,,,26.442451523964422
VA,15000 - 24999,,,,,35.572555928869946
VA,25000 - 34999,,,,,33.8104355419714
VA,35000 - 49999,,,,,33.2965112406328
VA,50000 - 74999,,,,,31.90494270329974
VA,75000 or greater,,,,,27.333089863502657
VA,Less than 15000,,,,,37.81984744707347
VA,,Female,,,,31.35831296673455
VA,,Male,,,,30.1461324697033
VA,,,18-24,,,17.557943760984184
VA,,,25-34,,,28.057574647371318
VA,,,35-44,,,33.32592592592592
VA,,,45-54,,,36.52149768134196
VA,,,55-64,,,36.342454085706684
VA,,,65+,,,29.53041006573984
VA,,,,American Indian/Alaska Native,,30.043188854489166
VA,,,,Asian,,11.355384615384617
VA,,,,Hispanic,,29.90203289173138
VA,,,,Non-Hispanic Black,,42.146527948781085
VA,,,,Non-Hispanic White,,29.395523299451707
VA,,,,Other,,31.25363372093023
VA,,,,,<High school,36.507569340073786
VA,,,,,College,24.715732721288756
VA,,,,,High school,33.53620663009041
VA,,,,,Some college/tech,33.09117647058823
VA,,,,,,30.22925324549506
VI,15000 - 24999,,,,,29.17246835443038
VI,25000 - 34999,,,,,32.758915834522114
VI,35000 - 49999,,,,,40.19655172413793
VI,50000 - 74999,,,,,34.83204819277108
VI,75000 or greater,,,,,42.265571205007824
VI,Less than 15000,,,,,35.37759562841531
VI,,Female,,,,40.10863354037267
VI,,Male,,,,25.22569944044764
VI,,,18-24,,,16.177898550724635
VI,,,25-34,,,31.55995423340961
VI,,,35-44,,,36.42971428571428
VI,,,45-54,,,45.760000000000005
VI,,,55-64,,,38.94227340267459
VI,,,65+,,,21.39179796107507
VI,,,,Hispanic,,36.43221649484536
VI,,,,Non-Hispanic Black,,35.18199672667758
VI,,,,Non-Hispanic White,,20.07964959568733
VI,,,,Other,,29.3
VI,,,,,<High school,26.0227959697733
VI,,,,,College,33.53343766301513
VI,,,,,High school,38.43401210787012
VI,,,,,Some college/tech,30.6702559576346
VI,,,,,,31.61183903309985
VT,15000 - 24999,,,,,31.509833734412602
VT,25000 - 34999,,,,,29.332968685901815
VT,35000 - 49999,,,,,28.069277402952967
VT,50000 - 74999,,,,,28.05461437301772
VT,75000 or greater,,,,,22.505725171188796
VT,Less than 15000,,,,,31.941791907514457
VT,,Female,,,,25.95346763843051
VT,,Male,,,,26.9059097564222
VT,,,18-24,,,15.118369829683699
VT,,,25-34,,,26.037637819060564
VT,,,35-44,,,29.165943577687543
VT,,,45-54,,,30.70317919075144
VT,,,55-64,,,29.562075765438504
VT,,,65+,,,25.74358394185608
VT,,,,American Indian/Alaska Native,,38.22331288343558
VT,,,,Asian,,10.371508379888269
VT,,,,Hispanic,,28.06976987447699
VT,,,,Non-Hispanic Black,,24.5078125
VT,,,,Non-Hispanic White,,26.4984246330111
VT,,,,Other,,29.11114911080712
VT,,,,,<High school,33.00494769578739
VT,,,,,College,19.142284222026806
VT,,,,,High school,31.773178316160767
VT,,,,,Some college/tech,27.54758964359225
VT,,,,,,25.903137282854402
WA,15000 - 24999,,,,,31.819748211731042
WA,25000 - 34999,,,,,30.872047143223163
WA,35000 - 49999,,,,,31.460074916632404
WA,50000 - 74999,,,,,30.579296630454795
WA,75000 or greater,,,,,25.73483533288819
WA,Less than 15000,,,,,34.551235824367545
WA,,Female,,,,28.112383997993483
WA,,Male,,,,28.893633844147377
WA,,,18-24,,,16.675344644750798
WA,,,25-34,,,27.129593135898144
WA,,,35-44,,,31.696743859032388
WA,,,45-54,,,33.194571994425296
WA,,,55-64,,,32.43759798806753
WA,,,65+,,,27.375618215395704
WA,,,,American Indian/Alaska Native,,38.17713026444662
WA,,,,Asian,,10.415014925373134
WA,,,,Hawaiian/Pacific Islander,,39.2211320754717
WA,,,,Hispanic,,35.051870612281164
WA,,,,Non-Hispanic Black,,35.632446808510636
WA,,,,Non-Hispanic White,,29.169743919353202
WA,,,,Other,,31.523972271481533
WA,,,,,<High school,32.97323813910641
WA,,,,,College,21.70007005516845
WA,,,,,High school,31.65275998154887
WA,,,,,Some college/tech,31.43116662307089
WA,,,,,,27.9617505850886
WI,15000 - 24999,,,,,35.18497948563995
WI,25000 - 34999,,,,,35.10799908842297
WI,35000 - 49999,,,,,34.23861258946595
WI,50000 - 74999,,,,,33.47526344547654
WI,75000 or greater,,,,,29.852115552961774
WI,Less than 15000,,,,,36.25257566646622
WI,,Female,,,,32.613424729639206
WI,,Male,,,,32.82255515485787
WI,,,18-24,,,19.37926605504587
WI,,,25-34,,,29.932215885380444
WI,,,35-44,,,36.34601848758213
WI,,,45-54,,,37.28223941368078
WI,,,55-64,,,37.811574866005245
WI,,,65+,,,32.04705297104432
WI,,,,American Indian/Alaska Native,,43.20409722222222
WI,,,,Asian,,16.259634888438136
WI,,,,Hispanic,,35.87289103690685
WI,,,,Non-Hispanic Black,,42.57484855827477
WI,,,,Non-Hispanic White,,32.234547285758076
WI,,,,Other,,35.16606786427146
WI,,,,,<High school,35.655762366139726
WI,,,,,College,26.894172246430724
WI,,,,,High school,34.7199464690138
WI,,,,,Some college/tech,34.711924886720105
WI,,,,,,32.48575423136399
WV,15000 - 24999,,,,,39.782293577981655
WV,25000 - 34999,,,,,39.4827817032354
WV,35000 - 49999,,,,,38.37217305801377
WV,50000 - 74999,,,,,39.869510394183806
WV,75000 or greater,,,,,35.919429920728625
WV,Less than 15000,,,,,38.28482362592289
WV,,Female,,,,37.304199426753264
WV,,Male,,,,37.90131685641076
WV,,,18-24,,,24.30468606431853
WV,,,25-34,,,36.924324324324324
WV,,,35-44,,,42.40392039323822
WV,,,45-54,,,44.904324903940676
WV,,,55-64,,,41.99119618458366
WV,,,65+,,,32.781973223480946
WV,,,,Hispanic,,35.9427397260274
WV,,,,Non-Hispanic Black,,42.550655840099935
WV,,,,Non-Hispanic White,,37.48851678376269
WV,,,,Other,,39.53606719367589
WV,,,,,<High school,36.519072793818616
WV,,,,,College,33.50968712077243
WV,,,,,High school,38.997650886869565
WV,,,,,Some college/tech,38.615684796474554
WV,,,,,,36.95930413476263
WY,15000 - 24999,,,,,30.93543180978194
WY,25000 - 34999,,,,,29.002486848397897
WY,35000 - 49999,,,,,29.461992840095462
WY,50000 - 74999,,,,,30.304615538646377
WY,75000 or greater,,,,,26.98511819250359
WY,Less than 15000,,,,,32.149822743386956
WY,,Female,,,,28.653532326841077
WY,,Male,,,,29.262161777777784
WY,,,18-24,,,17.941240242844753
WY,,,25-34,,,26.855625261396906
WY,,,35-44,,,33.024374319912944
WY,,,45-54,,,33.786514596383405
WY,,,55-64,,,33.36966785042824
WY,,,65+,,,26.40404960865126
WY,,,,American Indian/Alaska Native,,37.459811616954475
WY,,,,Hispanic,,32.79384898710865
WY,,,,Non-Hispanic White,,28.389121324114516
WY,,,,Other,,28.658022922636103
WY,,,,,<High school,32.69813052345343
WY,,,,,College,23.315439034540162
WY,,,,,High school,29.14737484737485
WY,,,,,Some college/tech,31.50435646515325
WY,,,,,,28.725149133604774
