locationabbr,income,obesity_pct,income_mid,state_median_income,rel_income,state_inc_quintile,rel_income_c,state_inc_c,income_bin
AK,15000 - 24999,31.94163663345347,19999.5,98190,-78190.5,Q5(high),-1.484238772576318,1.2984369893408885,15-24k
AK,25000 - 34999,32.2867709437964,29999.5,98190,-68190.5,Q5(high),-1.090508413463134,1.2984369893408885,25-34k
AK,35000 - 49999,32.713885180240325,42499.5,98190,-55690.5,Q5(high),-0.5983454645716539,1.2984369893408885,35-49k
AK,50000 - 74999,31.984575835475574,62499.5,98190,-35690.5,Q5(high),0.18911525365471407,1.2984369893408885,50-74k
AK,75000 or greater,30.043756083993877,75000.0,98190,-23190.0,Q5(high),0.6812978890641497,1.2984369893408885,50-74k
AK,Less than 15000,32.79582958295829,15000.0,98190,-83190.0,Q5(high),-1.6810842656149543,1.2984369893408885,<15k
AL,15000 - 24999,38.860828448612736,19999.5,60660,-40660.5,Q1(low),-0.006568734824538382,-1.5912847072373024,15-24k
AL,25000 - 34999,36.74657194994786,29999.5,60660,-30660.5,Q1(low),0.3871616242886456,-1.5912847072373024,25-34k
AL,35000 - 49999,37.27463666702551,42499.5,60660,-18160.5,Q1(low),0.8793245731801256,-1.5912847072373024,35-49k
AL,50000 - 74999,36.69016177957533,62499.5,60660,1839.5,Q1(low),1.6667852914064936,-1.5912847072373024,50-74k
AL,75000 or greater,32.21682022861101,75000.0,60660,14340.0,Q1(low),2.1589679268159294,-1.5912847072373024,50-74k
AL,Less than 15000,39.95694429594783,15000.0,60660,-45660.0,Q1(low),-0.20341422786317473,-1.5912847072373024,<15k
AR,15000 - 24999,36.917550239234444,19999.5,63250,-43250.5,Q1(low),-0.10854489783485304,-1.3918608011851437,15-24k
AR,25000 - 34999,35.86699113758536,29999.5,63250,-33250.5,Q1(low),0.28518546127833094,-1.3918608011851437,25-34k
AR,35000 - 49999,37.69947597137014,42499.5,63250,-20750.5,Q1(low),0.7773484101698109,-1.3918608011851437,35-49k
AR,50000 - 74999,38.002000764623425,62499.5,63250,-750.5,Q1(low),1.564809128396179,-1.3918608011851437,50-74k
AR,75000 or greater,32.86720032840722,75000.0,63250,11750.0,Q1(low),2.0569917638056148,-1.3918608011851437,50-74k
AR,Less than 15000,41.11232601521022,15000.0,63250,-48250.0,Q1(low),-0.30539039087348935,-1.3918608011851437,<15k
AZ,15000 - 24999,34.445037531276064,19999.5,82660,-62660.5,Q3,-0.8727755248735432,0.10266352949918041,15-24k
AZ,25000 - 34999,30.62789250842478,29999.5,82660,-52660.5,Q3,-0.47904516576035916,0.10266352949918041,25-34k
AZ,35000 - 49999,30.476504776538178,42499.5,82660,-40160.5,Q3,0.013117783131120818,0.10266352949918041,35-49k
AZ,50000 - 74999,30.00774936678326,62499.5,82660,-20160.5,Q3,0.8005785013574888,0.10266352949918041,50-74k
AZ,75000 or greater,26.48675369317019,75000.0,82660,-7660.0,Q3,1.2927611367669245,0.10266352949918041,50-74k
AZ,Less than 15000,34.5646173281398,15000.0,82660,-67660.0,Q3,-1.0696210179121795,0.10266352949918041,<15k
CA,15000 - 24999,29.71615623313545,19999.5,89870,-69870.5,Q4,-1.1566551137941488,0.6578165652660004,15-24k
CA,25000 - 34999,29.547579724150047,29999.5,89870,-59870.5,Q4,-0.7629247546809649,0.6578165652660004,25-34k
CA,35000 - 49999,26.242891153932,42499.5,89870,-47370.5,Q4,-0.27076180578948483,0.6578165652660004,35-49k
CA,50000 - 74999,26.88617436155491,62499.5,89870,-27370.5,Q4,0.5166989124368832,0.6578165652660004,50-74k
CA,75000 or greater,20.986891277495992,75000.0,89870,-14870.0,Q4,1.008881547846319,0.6578165652660004,50-74k
CA,Less than 15000,30.917747895087523,15000.0,89870,-74870.0,Q4,-1.353500606832785,0.6578165652660004,<15k
CO,15000 - 24999,25.35845140690481,19999.5,96640,-76640.5,Q5(high),-1.4232105669137745,1.1790906362980909,15-24k
CO,25000 - 34999,24.352108855442776,29999.5,96640,-66640.5,Q5(high),-1.0294802078005905,1.1790906362980909,25-34k
CO,35000 - 49999,23.502809476556685,42499.5,96640,-54140.5,Q5(high),-0.5373172589091104,1.1790906362980909,35-49k
CO,50000 - 74999,23.256793738954812,62499.5,96640,-34140.5,Q5(high),0.25014345931725757,1.1790906362980909,50-74k
CO,75000 or greater,20.357289167058354,75000.0,96640,-21640.0,Q5(high),0.7423260947266932,1.1790906362980909,50-74k
CO,Less than 15000,27.00690594059406,15000.0,96640,-81640.0,Q5(high),-1.6200560599524108,1.1790906362980909,<15k
CT,15000 - 24999,32.879443968389985,19999.5,92240,-72240.5,Q4,-1.2499692089039733,0.8403009889507943,15-24k
CT,25000 - 34999,31.803730583142347,29999.5,92240,-62240.5,Q4,-0.8562388497907895,0.8403009889507943,25-34k
CT,35000 - 49999,30.248121698297787,42499.5,92240,-49740.5,Q4,-0.36407590089930947,0.8403009889507943,35-49k
CT,50000 - 74999,29.307088643849347,62499.5,92240,-29740.5,Q4,0.4233848173270585,0.8403009889507943,50-74k
CT,75000 or greater,23.794865602091267,75000.0,92240,-17240.0,Q4,0.9155674527364942,0.8403009889507943,50-74k
CT,Less than 15000,35.99762606417812,15000.0,92240,-77240.0,Q4,-1.4468147019426099,0.8403009889507943,<15k
DC,15000 - 24999,33.96554641060814,19999.5,111000,-91000.5,Q5(high),-1.9886073626003067,2.2847768490042677,15-24k
DC,25000 - 34999,31.294458438287155,29999.5,111000,-81000.5,Q5(high),-1.5948770034871227,2.2847768490042677,25-34k
DC,35000 - 49999,28.24280089988751,42499.5,111000,-68500.5,Q5(high),-1.1027140545956426,2.2847768490042677,35-49k
DC,50000 - 74999,21.947065033783783,62499.5,111000,-48500.5,Q5(high),-0.3152533363692746,2.2847768490042677,50-74k
DC,75000 or greater,14.87032779906343,75000.0,111000,-36000.0,Q5(high),0.17692929904016103,2.2847768490042677,50-74k
DC,Less than 15000,36.18625974724389,15000.0,111000,-96000.0,Q5(high),-2.185452855638943,2.2847768490042677,<15k
DE,15000 - 24999,36.452051972746,19999.5,86340,-66340.5,Q4,-1.0176682970271949,0.38601487091691933,15-24k
DE,25000 - 34999,35.409140347207696,29999.5,86340,-56340.5,Q4,-0.6239379379140109,0.38601487091691933,25-34k
DE,35000 - 49999,33.356712813908565,42499.5,86340,-43840.5,Q4,-0.1317749890225309,0.38601487091691933,35-49k
DE,50000 - 74999,32.83802386899806,62499.5,86340,-23840.5,Q4,0.655685729203837,0.38601487091691933,50-74k
DE,75000 or greater,29.734274067105673,75000.0,86340,-11340.0,Q4,1.1478683646132728,0.38601487091691933,50-74k
DE,Less than 15000,36.43844162567952,15000.0,86340,-71340.0,Q4,-1.2145137900658312,0.38601487091691933,<15k
FL,15000 - 24999,31.28947150325131,19999.5,72200,-52200.5,Q1(low),-0.4609335692411527,-0.7027318594218928,15-24k
FL,25000 - 34999,29.793067057160172,29999.5,72200,-42200.5,Q1(low),-0.06720321012796872,-0.7027318594218928,25-34k
FL,35000 - 49999,29.051790341078025,42499.5,72200,-29700.5,Q1(low),0.4249597387635113,-0.7027318594218928,35-49k
FL,50000 - 74999,28.798250353788756,62499.5,72200,-9700.5,Q1(low),1.2124204569898793,-0.7027318594218928,50-74k
FL,75000 or greater,24.614982791162433,75000.0,72200,2800.0,Q1(low),1.704603092399315,-0.7027318594218928,50-74k
FL,Less than 15000,31.956234664287305,15000.0,72200,-57200.0,Q1(low),-0.657779062279789,-0.7027318594218928,<15k
GA,15000 - 24999,35.76799040099086,19999.5,72420,-52420.5,Q2,-0.46959563714164276,-0.685792377054528,15-24k
GA,25000 - 34999,34.513974344420475,29999.5,72420,-42420.5,Q2,-0.07586527802845876,-0.685792377054528,25-34k
GA,35000 - 49999,33.842295081967215,42499.5,72420,-29920.5,Q2,0.4162976708630212,-0.685792377054528,35-49k
GA,50000 - 74999,34.02402585901523,62499.5,72420,-9920.5,Q2,1.2037583890893893,-0.685792377054528,50-74k
GA,75000 or greater,28.02835458081244,75000.0,72420,2580.0,Q2,1.695941024498825,-0.685792377054528,50-74k
GA,Less than 15000,37.22641181581234,15000.0,72420,-57420.0,Q2,-0.6664411301802791,-0.685792377054528,<15k
HI,15000 - 24999,25.38023868023868,19999.5,97360,-77360.5,Q5(high),-1.4515591527699236,1.2345289422276484,15-24k
HI,25000 - 34999,24.66566164154104,29999.5,97360,-67360.5,Q5(high),-1.0578287936567397,1.2345289422276484,25-34k
HI,35000 - 49999,24.619761415055535,42499.5,97360,-54860.5,Q5(high),-0.5656658447652596,1.2345289422276484,35-49k
HI,50000 - 74999,25.111172951161823,62499.5,97360,-34860.5,Q5(high),0.22179487346110832,1.2345289422276484,50-74k
HI,75000 or greater,22.640772499034377,75000.0,97360,-22360.0,Q5(high),0.713977508870544,1.2345289422276484,50-74k
HI,Less than 15000,27.909753136382033,15000.0,97360,-82360.0,Q5(high),-1.64840464580856,1.2345289422276484,<15k
IA,15000 - 24999,37.394417890064865,19999.5,80860,-60860.5,Q3,-0.8019040602331701,-0.035932235324713645,15-24k
IA,25000 - 34999,36.41338079782222,29999.5,80860,-50860.5,Q3,-0.4081737011199861,-0.035932235324713645,25-34k
IA,35000 - 49999,35.626728144060415,42499.5,80860,-38360.5,Q3,0.08398924777149394,-0.035932235324713645,35-49k
IA,50000 - 74999,35.87860911575869,62499.5,80860,-18360.5,Q3,0.871449965997862,-0.035932235324713645,50-74k
IA,75000 or greater,31.288368846738106,75000.0,80860,-5860.0,Q3,1.3636326014072975,-0.035932235324713645,50-74k
IA,Less than 15000,38.24423393739704,15000.0,80860,-65860.0,Q3,-0.9987495532718064,-0.035932235324713645,<15k
ID,15000 - 24999,32.073615113672744,19999.5,73910,-53910.5,Q2,-0.5282614606495072,-0.5710658828391935,15-24k
ID,25000 - 34999,31.09731222385862,29999.5,73910,-43910.5,Q2,-0.13453110153632317,-0.5710658828391935,25-34k
ID,35000 - 49999,31.33,42499.5,73910,-31410.5,Q2,0.3576318473551568,-0.5710658828391935,35-49k
ID,50000 - 74999,30.85844267790441,62499.5,73910,-11410.5,Q2,1.1450925655815247,-0.5710658828391935,50-74k
ID,75000 or greater,26.05004635352287,75000.0,73910,1090.0,Q2,1.6372752009909604,-0.5710658828391935,50-74k
ID,Less than 15000,32.349915872125635,15000.0,73910,-58910.0,Q2,-0.7251069536881435,-0.5710658828391935,<15k
IL,15000 - 24999,34.43602932041248,19999.5,87820,-67820.5,Q4,-1.0759403901759461,0.49997138866101,15-24k
IL,25000 - 34999,32.58137637460092,29999.5,87820,-57820.5,Q4,-0.6822100310627621,0.49997138866101,25-34k
IL,35000 - 49999,32.27054253181514,42499.5,87820,-45320.5,Q4,-0.19004708217128213,0.49997138866101,35-49k
IL,50000 - 74999,32.0330260791367,62499.5,87820,-25320.5,Q4,0.5974136360550859,0.49997138866101,50-74k
IL,75000 or greater,27.918107954545455,75000.0,87820,-12820.0,Q4,1.0895962714645215,0.49997138866101,50-74k
IL,Less than 15000,36.015464353712716,15000.0,87820,-72820.0,Q4,-1.2727858832145824,0.49997138866101,<15k
IN,15000 - 24999,37.06859932497589,19999.5,76910,-56910.5,Q2,-0.6463805683834624,-0.34007294146603667,15-24k
IN,25000 - 34999,35.79308621407746,29999.5,76910,-46910.5,Q2,-0.25265020927027837,-0.34007294146603667,25-34k
IN,35000 - 49999,35.4498699045967,42499.5,76910,-34410.5,Q2,0.23951273962120162,-0.34007294146603667,35-49k
IN,50000 - 74999,35.60225144203932,62499.5,76910,-14410.5,Q2,1.0269734578475695,-0.34007294146603667,50-74k
IN,75000 or greater,30.60721272433444,75000.0,76910,-1910.0,Q2,1.5191560932570052,-0.34007294146603667,50-74k
IN,Less than 15000,37.769805160610844,15000.0,76910,-61910.0,Q2,-0.8432260614220987,-0.34007294146603667,<15k
KS,15000 - 24999,35.56455888259182,19999.5,84830,-64830.5,Q4,-0.9582150128011041,0.26974842375909713,15-24k
KS,25000 - 34999,35.2004305646392,29999.5,84830,-54830.5,Q4,-0.5644846536879201,0.26974842375909713,25-34k
KS,35000 - 49999,34.880019071079495,42499.5,84830,-42330.5,Q4,-0.07232170479644011,0.26974842375909713,35-49k
KS,50000 - 74999,34.39157739454182,62499.5,84830,-22330.5,Q4,0.7151390134299279,0.26974842375909713,50-74k
KS,75000 or greater,29.810586360013662,75000.0,84830,-9830.0,Q4,1.2073216488393634,0.26974842375909713,50-74k
KS,Less than 15000,37.580928337319506,15000.0,84830,-69830.0,Q4,-1.1550605058397405,0.26974842375909713,<15k
KY,15000 - 24999,38.04448345035105,19999.5,61980,-41980.5,Q1(low),-0.058541142227478665,-1.4896478130331134,15-24k
KY,25000 - 34999,37.24521659618242,29999.5,61980,-31980.5,Q1(low),0.3351892168857053,-1.4896478130331134,25-34k
KY,35000 - 49999,35.62536900369004,42499.5,61980,-19480.5,Q1(low),0.8273521657771853,-1.4896478130331134,35-49k
KY,50000 - 74999,35.97237425726002,62499.5,61980,519.5,Q1(low),1.6148128840035534,-1.4896478130331134,50-74k
KY,75000 or greater,30.96129913933473,75000.0,61980,13020.0,Q1(low),2.106995519412989,-1.4896478130331134,50-74k
KY,Less than 15000,37.23747875100653,15000.0,61980,-46980.0,Q1(low),-0.255386635266115,-1.4896478130331134,<15k
LA,15000 - 24999,39.223734713915924,19999.5,57650,-37650.5,Q1(low),0.11194410326852999,-1.823047625081703,15-24k
LA,25000 - 34999,37.55303684513529,29999.5,57650,-27650.5,Q1(low),0.505674462381714,-1.823047625081703,25-34k
LA,35000 - 49999,37.70491301151679,42499.5,57650,-15150.5,Q1(low),0.9978374112731939,-1.823047625081703,35-49k
LA,50000 - 74999,36.89178017848756,62499.5,57650,4849.5,Q1(low),1.785298129499562,-1.823047625081703,50-74k
LA,75000 or greater,34.002534340659345,75000.0,57650,17350.0,Q1(low),2.2774807649089976,-1.823047625081703,50-74k
LA,Less than 15000,39.78038735270097,15000.0,57650,-42650.0,Q1(low),-0.08490138977010633,-1.823047625081703,<15k
MA,15000 - 24999,28.86085834578297,19999.5,106500,-86500.5,Q5(high),-1.8114287009993737,1.9382874369445326,15-24k
MA,25000 - 34999,26.725848361450456,29999.5,106500,-76500.5,Q5(high),-1.4176983418861897,1.9382874369445326,25-34k
MA,35000 - 49999,27.01997186018957,42499.5,106500,-64000.5,Q5(high),-0.9255353929947098,1.9382874369445326,35-49k
MA,50000 - 74999,26.756567145841014,62499.5,106500,-44000.5,Q5(high),-0.13807467476834184,1.9382874369445326,50-74k
MA,75000 or greater,21.11064109165808,75000.0,106500,-31500.0,Q5(high),0.3541079606410938,1.9382874369445326,50-74k
MA,Less than 15000,31.216235195472176,15000.0,106500,-91500.0,Q5(high),-2.00827419403801,1.9382874369445326,<15k
MD,15000 - 24999,34.889998802968634,19999.5,102000,-82000.5,Q5(high),-1.634250039398441,1.5917980248847976,15-24k
MD,25000 - 34999,34.048860878415404,29999.5,102000,-72000.5,Q5(high),-1.240519680285257,1.5917980248847976,25-34k
MD,35000 - 49999,35.182745935682924,42499.5,102000,-59500.5,Q5(high),-0.748356731393777,1.5917980248847976,35-49k
MD,50000 - 74999,33.023309141101564,62499.5,102000,-39500.5,Q5(high),0.03910398683259096,1.5917980248847976,50-74k
MD,75000 or greater,28.191489828772138,75000.0,102000,-27000.0,Q5(high),0.5312866222420266,1.5917980248847976,50-74k
MD,Less than 15000,35.44337404932013,15000.0,102000,-87000.0,Q5(high),-1.8310955324370772,1.5917980248847976,<15k
ME,15000 - 24999,33.77170068800819,19999.5,75740,-55740.5,Q2,-0.6003141163672199,-0.43016018860156785,15-24k
ME,25000 - 34999,32.36742111471543,29999.5,75740,-45740.5,Q2,-0.20658375725403585,-0.43016018860156785,25-34k
ME,35000 - 49999,31.845457707693203,42499.5,75740,-33240.5,Q2,0.28557919163744416,-0.43016018860156785,35-49k
ME,50000 - 74999,30.912092951360258,62499.5,75740,-13240.5,Q2,1.0730399098638121,-0.43016018860156785,50-74k
ME,75000 or greater,26.565452930728245,75000.0,75740,-740.0,Q2,1.5652225452732478,-0.43016018860156785,50-74k
ME,Less than 15000,35.93980032638955,15000.0,75740,-60740.0,Q2,-0.7971596094058562,-0.43016018860156785,<15k
MI,15000 - 24999,37.42636835278859,19999.5,76960,-56960.5,Q2,-0.6483492201790283,-0.3362230591098174,15-24k
MI,25000 - 34999,34.87187575054038,29999.5,76960,-46960.5,Q2,-0.2546188610658443,-0.3362230591098174,25-34k
MI,35000 - 49999,34.69556309622895,42499.5,76960,-34460.5,Q2,0.23754408782563569,-0.3362230591098174,35-49k
MI,50000 - 74999,33.82272444066837,62499.5,76960,-14460.5,Q2,1.0250048060520036,-0.3362230591098174,50-74k
MI,75000 or greater,29.379036238014663,75000.0,76960,-1960.0,Q2,1.5171874414614392,-0.3362230591098174,50-74k
MI,Less than 15000,37.591810573153936,15000.0,76960,-61960.0,Q2,-0.8451947132176646,-0.3362230591098174,<15k
MN,15000 - 24999,32.605792635957485,19999.5,90340,-70340.5,Q4,-1.1751604406724685,0.6940054594144617,15-24k
MN,25000 - 34999,30.805053255870245,29999.5,90340,-60340.5,Q4,-0.7814300815592845,0.6940054594144617,25-34k
MN,35000 - 49999,30.821266144399743,42499.5,90340,-47840.5,Q4,-0.28926713266780446,0.6940054594144617,35-49k
MN,50000 - 74999,31.427522565000675,62499.5,90340,-27840.5,Q4,0.49819358555856347,0.6940054594144617,50-74k
MN,75000 or greater,26.366200297287257,75000.0,90340,-15340.0,Q4,0.9903762209679992,0.6940054594144617,50-74k
MN,Less than 15000,31.814217252396165,15000.0,90340,-75340.0,Q4,-1.3720059337111048,0.6940054594144617,<15k
MO,15000 - 24999,36.1224632555215,19999.5,78290,-58290.5,Q2,-0.7007153579410818,-0.2338161884343846,15-24k
MO,25000 - 34999,35.94627813683976,29999.5,78290,-48290.5,Q2,-0.30698499882789776,-0.2338161884343846,25-34k
MO,35000 - 49999,34.9122816032888,42499.5,78290,-35790.5,Q2,0.18517795006358223,-0.2338161884343846,35-49k
MO,50000 - 74999,34.60028130525639,62499.5,78290,-15790.5,Q2,0.9726386682899502,-0.2338161884343846,50-74k
MO,75000 or greater,31.38367938754205,75000.0,78290,-3290.0,Q2,1.4648213036993858,-0.2338161884343846,50-74k
MO,Less than 15000,37.085655029381265,15000.0,78290,-63290.0,Q2,-0.897560850979718,-0.2338161884343846,<15k
MS,15000 - 24999,41.1812440645774,19999.5,55060,-35060.5,Q1(low),0.21392026627884464,-2.0224715311338617,15-24k
MS,25000 - 34999,39.29011805279215,29999.5,55060,-25060.5,Q1(low),0.6076506253920286,-2.0224715311338617,25-34k
MS,35000 - 49999,37.84601867780782,42499.5,55060,-12560.5,Q1(low),1.0998135742835087,-2.0224715311338617,35-49k
MS,50000 - 74999,37.06012316199573,62499.5,55060,7439.5,Q1(low),1.8872742925098767,-2.0224715311338617,50-74k
MS,75000 or greater,32.313626147218585,75000.0,55060,19940.0,Q1(low),2.3794569279193123,-2.0224715311338617,50-74k
MS,Less than 15000,41.678303393213575,15000.0,55060,-40060.0,Q1(low),0.017074773240208316,-2.0224715311338617,<15k
MT,15000 - 24999,28.114653834212973,19999.5,79220,-59220.5,Q3,-0.7373322813386078,-0.162208376608706,15-24k
MT,25000 - 34999,27.432873851294904,29999.5,79220,-49220.5,Q3,-0.34360192222542385,-0.162208376608706,25-34k
MT,35000 - 49999,27.49255542968118,42499.5,79220,-36720.5,Q3,0.1485610266660561,-0.162208376608706,35-49k
MT,50000 - 74999,27.75489026535138,62499.5,79220,-16720.5,Q3,0.9360217448924241,-0.162208376608706,50-74k
MT,75000 or greater,24.83893984514592,75000.0,79220,-4220.0,Q3,1.4282043803018598,-0.162208376608706,50-74k
MT,Less than 15000,30.526939426142402,15000.0,79220,-64220.0,Q3,-0.9341777743772443,-0.162208376608706,<15k
NC,15000 - 24999,35.52324760463944,19999.5,68610,-48610.5,Q1(low),-0.31958437031951964,-0.979153412598437,15-24k
NC,25000 - 34999,34.24124373634846,29999.5,68610,-38610.5,Q1(low),0.07414598879366434,-0.979153412598437,25-34k
NC,35000 - 49999,33.235734627149036,42499.5,68610,-26110.5,Q1(low),0.5663089376851443,-0.979153412598437,35-49k
NC,50000 - 74999,32.147057013945854,62499.5,68610,-6110.5,Q1(low),1.3537696559115122,-0.979153412598437,50-74k
NC,75000 or greater,27.22488499316176,75000.0,68610,6390.0,Q1(low),1.8459522913209478,-0.979153412598437,50-74k
NC,Less than 15000,35.79839507823994,15000.0,68610,-53610.0,Q1(low),-0.516429863358156,-0.979153412598437,<15k
ND,15000 - 24999,34.39123310118804,19999.5,76960,-56960.5,Q2,-0.6483492201790283,-0.3362230591098174,15-24k
ND,25000 - 34999,33.98360037700283,29999.5,76960,-46960.5,Q2,-0.2546188610658443,-0.3362230591098174,25-34k
ND,35000 - 49999,34.27587453482191,42499.5,76960,-34460.5,Q2,0.23754408782563569,-0.3362230591098174,35-49k
ND,50000 - 74999,34.305505819158455,62499.5,76960,-14460.5,Q2,1.0250048060520036,-0.3362230591098174,50-74k
ND,75000 or greater,31.672400453889004,75000.0,76960,-1960.0,Q2,1.5171874414614392,-0.3362230591098174,50-74k
ND,Less than 15000,34.53552421500798,15000.0,76960,-61960.0,Q2,-0.8451947132176646,-0.3362230591098174,<15k
NE,15000 - 24999,33.79020879355804,19999.5,89190,-69190.5,Q4,-1.1298814493744522,0.6054581652214183,15-24k
NE,25000 - 34999,33.9312550900371,29999.5,89190,-59190.5,Q4,-0.7361510902612683,0.6054581652214183,25-34k
NE,35000 - 49999,33.96258036720355,42499.5,89190,-46690.5,Q4,-0.24398814136978833,0.6054581652214183,35-49k
NE,50000 - 74999,33.80541552597627,62499.5,89190,-26690.5,Q4,0.5434725768565797,0.6054581652214183,50-74k
NE,75000 or greater,29.36460077667288,75000.0,89190,-14190.0,Q4,1.0356552122660152,0.6054581652214183,50-74k
NE,Less than 15000,34.30926958650707,15000.0,89190,-74190.0,Q4,-1.3267269424130885,0.6054581652214183,<15k
NH,15000 - 24999,32.127376565954314,19999.5,98780,-78780.5,Q5(high),-1.5074688637639957,1.343865601144276,15-24k
NH,25000 - 34999,30.91477832512315,29999.5,98780,-68780.5,Q5(high),-1.1137385046508117,1.343865601144276,25-34k
NH,35000 - 49999,31.343248875726665,42499.5,98780,-56280.5,Q5(high),-0.6215755557593318,1.343865601144276,35-49k
NH,50000 - 74999,30.01532400849858,62499.5,98780,-36280.5,Q5(high),0.16588516246703622,1.343865601144276,50-74k
NH,75000 or greater,25.952451004349737,75000.0,98780,-23780.0,Q5(high),0.6580677978764718,1.343865601144276,50-74k
NH,Less than 15000,36.81476115010187,15000.0,98780,-83780.0,Q5(high),-1.704314356802632,1.343865601144276,<15k
NJ,15000 - 24999,30.618251091218468,19999.5,91590,-71590.5,Q4,-1.2243767355616164,0.7902525183199437,15-24k
NJ,25000 - 34999,30.819059929494713,29999.5,91590,-61590.5,Q4,-0.8306463764484324,0.7902525183199437,25-34k
NJ,35000 - 49999,29.518909024345596,42499.5,91590,-49090.5,Q4,-0.3384834275569525,0.7902525183199437,35-49k
NJ,50000 - 74999,28.07577648560488,62499.5,91590,-29090.5,Q4,0.4489772906694155,0.7902525183199437,50-74k
NJ,75000 or greater,23.867074593733104,75000.0,91590,-16590.0,Q4,0.9411599260788511,0.7902525183199437,50-74k
NJ,Less than 15000,31.73280603193377,15000.0,91590,-76590.0,Q4,-1.4212222286002527,0.7902525183199437,<15k
NM,15000 - 24999,31.715648854961827,19999.5,60980,-40980.5,Q1(low),-0.01916810631616027,-1.566645460157499,15-24k
NM,25000 - 34999,30.96847048777885,29999.5,60980,-30980.5,Q1(low),0.3745622527970237,-1.566645460157499,25-34k
NM,35000 - 49999,29.62640316951231,42499.5,60980,-18480.5,Q1(low),0.8667252016885038,-1.566645460157499,35-49k
NM,50000 - 74999,30.47549778761062,62499.5,60980,1519.5,Q1(low),1.6541859199148716,-1.566645460157499,50-74k
NM,75000 or greater,25.676972674240094,75000.0,60980,14020.0,Q1(low),2.1463685553243073,-1.566645460157499,50-74k
NM,Less than 15000,33.43782911328559,15000.0,60980,-45980.0,Q1(low),-0.2160135993547966,-1.566645460157499,<15k
NV,15000 - 24999,27.798335315101074,19999.5,81310,-61310.5,Q3,-0.8196219263932634,-0.001283294118740133,15-24k
NV,25000 - 34999,31.05708511650024,29999.5,81310,-51310.5,Q3,-0.4258915672800793,-0.001283294118740133,25-34k
NV,35000 - 49999,29.349935436266378,42499.5,81310,-38810.5,Q3,0.06627138161140066,-0.001283294118740133,35-49k
NV,50000 - 74999,27.87836157313851,62499.5,81310,-18810.5,Q3,0.8537320998377687,-0.001283294118740133,50-74k
NV,75000 or greater,26.096801864801865,75000.0,81310,-6310.0,Q3,1.3459147352472043,-0.001283294118740133,50-74k
NV,Less than 15000,30.502970616725865,15000.0,81310,-66310.0,Q3,-1.0164674194318997,-0.001283294118740133,<15k
NY,15000 - 24999,30.734124136866875,19999.5,81600,-61600.5,Q3,-0.8310401068075457,0.021046023547331687,15-24k
NY,25000 - 34999,29.647849548538765,29999.5,81600,-51600.5,Q3,-0.43730974769436165,0.021046023547331687,25-34k
NY,35000 - 49999,29.752372935341494,42499.5,81600,-39100.5,Q3,0.05485320119711832,0.021046023547331687,35-49k
NY,50000 - 74999,28.639888846301268,62499.5,81600,-19100.5,Q3,0.8423139194234863,0.021046023547331687,50-74k
NY,75000 or greater,23.561463445193894,75000.0,81600,-6600.0,Q3,1.334496554832922,0.021046023547331687,50-74k
NY,Less than 15000,32.8197597296959,15000.0,81600,-66600.0,Q3,-1.027885599846182,0.021046023547331687,<15k
OH,15000 - 24999,36.41561431202315,19999.5,73770,-53770.5,Q2,-0.5227492356219225,-0.5818455534366074,15-24k
OH,25000 - 34999,35.38494107641842,29999.5,73770,-43770.5,Q2,-0.1290188765087386,-0.5818455534366074,25-34k
OH,35000 - 49999,35.532450195111934,42499.5,73770,-31270.5,Q2,0.3631440723827414,-0.5818455534366074,35-49k
OH,50000 - 74999,35.176389668725434,62499.5,73770,-11270.5,Q2,1.1506047906091093,-0.5818455534366074,50-74k
OH,75000 or greater,30.36198811312128,75000.0,73770,1230.0,Q2,1.642787426018545,-0.5818455534366074,50-74k
OH,Less than 15000,37.70926489429853,15000.0,73770,-58770.0,Q2,-0.719594728660559,-0.5818455534366074,<15k
OK,15000 - 24999,37.44019323671498,19999.5,67330,-47330.5,Q1(low),-0.2691868843530321,-1.0777104009176506,15-24k
OK,25000 - 34999,35.01615218134184,29999.5,67330,-37330.5,Q1(low),0.12454347476015189,-1.0777104009176506,25-34k
OK,35000 - 49999,36.79189066059226,42499.5,67330,-24830.5,Q1(low),0.6167064236516319,-1.0777104009176506,35-49k
OK,50000 - 74999,36.50962257432793,62499.5,67330,-4830.5,Q1(low),1.404167141878,-1.0777104009176506,50-74k
OK,75000 or greater,32.31924139663401,75000.0,67330,7670.0,Q1(low),1.8963497772874356,-1.0777104009176506,50-74k
OK,Less than 15000,37.235569795200405,15000.0,67330,-52330.0,Q1(low),-0.4660323773916684,-1.0777104009176506,<15k
OR,15000 - 24999,32.63425151092515,19999.5,88740,-68740.5,Q4,-1.112163583214359,0.5708092240154448,15-24k
OR,25000 - 34999,29.60189529283828,29999.5,88740,-58740.5,Q4,-0.718433224101175,0.5708092240154448,25-34k
OR,35000 - 49999,31.270923656927422,42499.5,88740,-46240.5,Q4,-0.22627027520969506,0.5708092240154448,35-49k
OR,50000 - 74999,29.634406165004535,62499.5,88740,-26240.5,Q4,0.561190443016673,0.5708092240154448,50-74k
OR,75000 or greater,25.952983552212164,75000.0,88740,-13740.0,Q4,1.0533730784261086,0.5708092240154448,50-74k
OR,Less than 15000,34.84636526588329,15000.0,88740,-73740.0,Q4,-1.3090090762529953,0.5708092240154448,<15k
PA,15000 - 24999,34.144097448131284,19999.5,79820,-59820.5,Q3,-0.7609561028853989,-0.11600978833407465,15-24k
PA,25000 - 34999,32.59835855894266,29999.5,79820,-49820.5,Q3,-0.3672257437722149,-0.11600978833407465,25-34k
PA,35000 - 49999,32.595418360433605,42499.5,79820,-37320.5,Q3,0.12493720511926507,-0.11600978833407465,35-49k
PA,50000 - 74999,32.43442145364906,62499.5,79820,-17320.5,Q3,0.9123979233456331,-0.11600978833407465,50-74k
PA,75000 or greater,26.533576797316233,75000.0,79820,-4820.0,Q3,1.4045805587550686,-0.11600978833407465,50-74k
PA,Less than 15000,36.64387073259628,15000.0,79820,-64820.0,Q3,-0.9578015959240352,-0.11600978833407465,<15k
RI,15000 - 24999,31.744585039077034,19999.5,81860,-61860.5,Q3,-0.8412770961444884,0.041065411799671936,15-24k
RI,25000 - 34999,31.49657083477658,29999.5,81860,-51860.5,Q3,-0.44754673703130443,0.041065411799671936,25-34k
RI,35000 - 49999,30.087850847457624,42499.5,81860,-39360.5,Q3,0.04461621186017554,0.041065411799671936,35-49k
RI,50000 - 74999,29.188969490078943,62499.5,81860,-19360.5,Q3,0.8320769300865435,0.041065411799671936,50-74k
RI,75000 or greater,25.15101417666303,75000.0,81860,-6860.0,Q3,1.3242595654959792,0.041065411799671936,50-74k
RI,Less than 15000,34.31499338249197,15000.0,81860,-66860.0,Q3,-1.0381225891831247,0.041065411799671936,<15k
SC,15000 - 24999,37.084646992902506,19999.5,69100,-49100.5,Q1(low),-0.33887715791606565,-0.9414245655074881,15-24k
SC,25000 - 34999,36.42514086183636,29999.5,69100,-39100.5,Q1(low),0.05485320119711832,-0.9414245655074881,25-34k
SC,35000 - 49999,34.22197651663405,42499.5,69100,-26600.5,Q1(low),0.5470161500885983,-0.9414245655074881,35-49k
SC,50000 - 74999,34.02246821705427,62499.5,69100,-6600.5,Q1(low),1.3344768683149664,-0.9414245655074881,50-74k
SC,75000 or greater,28.92323658454269,75000.0,69100,5900.0,Q1(low),1.826659503724402,-0.9414245655074881,50-74k
SC,Less than 15000,39.38576366559485,15000.0,69100,-54100.0,Q1(low),-0.535722650954702,-0.9414245655074881,<15k
SD,15000 - 24999,33.35823739579198,19999.5,81740,-61740.5,Q3,-0.8365523318351302,0.03182569414474567,15-24k
SD,25000 - 34999,33.844205279256826,29999.5,81740,-51740.5,Q3,-0.44282197272194623,0.03182569414474567,25-34k
SD,35000 - 49999,32.78221709006929,42499.5,81740,-39240.5,Q3,0.04934097616953374,0.03182569414474567,35-49k
SD,50000 - 74999,33.46450956757571,62499.5,81740,-19240.5,Q3,0.8368016943959017,0.03182569414474567,50-74k
SD,75000 or greater,30.457299024554324,75000.0,81740,-6740.0,Q3,1.3289843298053374,0.03182569414474567,50-74k
SD,Less than 15000,34.78925358213929,15000.0,81740,-66740.0,Q3,-1.0333978248737665,0.03182569414474567,<15k
TN,15000 - 24999,36.70887209627764,19999.5,72700,-52700.5,Q2,-0.48062008719681193,-0.6642330358597,15-24k
TN,25000 - 34999,35.056659651232714,29999.5,72700,-42700.5,Q2,-0.08688972808362791,-0.6642330358597,25-34k
TN,35000 - 49999,36.016762230084176,42499.5,72700,-30200.5,Q2,0.40527322080785205,-0.6642330358597,35-49k
TN,50000 - 74999,35.94586751561161,62499.5,72700,-10200.5,Q2,1.19273393903422,-0.6642330358597,50-74k
TN,75000 or greater,31.83034071550255,75000.0,72700,2300.0,Q2,1.6849165744436556,-0.6642330358597,50-74k
TN,Less than 15000,37.77349853002939,15000.0,72700,-57700.0,Q2,-0.6774655802354482,-0.6642330358597,<15k
TX,15000 - 24999,36.58120374938333,19999.5,79060,-59060.5,Q3,-0.7310325955927969,-0.1745280001486077,15-24k
TX,25000 - 34999,35.06437541799808,29999.5,79060,-49060.5,Q3,-0.33730223647961294,-0.1745280001486077,25-34k
TX,35000 - 49999,33.57912350097319,42499.5,79060,-36560.5,Q3,0.15486071241186705,-0.1745280001486077,35-49k
TX,50000 - 74999,35.07535376044569,62499.5,79060,-16560.5,Q3,0.942321430638235,-0.1745280001486077,50-74k
TX,75000 or greater,29.24867485845079,75000.0,79060,-4060.0,Q3,1.4345040660476707,-0.1745280001486077,50-74k
TX,Less than 15000,39.6189859839817,15000.0,79060,-64060.0,Q3,-0.9278780886314333,-0.1745280001486077,<15k
UT,15000 - 24999,28.18266089202948,19999.5,101200,-81200.5,Q5(high),-1.6027516106693862,1.5301999071852892,15-24k
UT,25000 - 34999,29.262359744519248,29999.5,101200,-71200.5,Q5(high),-1.2090212515562022,1.5301999071852892,25-34k
UT,35000 - 49999,29.401767464229888,42499.5,101200,-58700.5,Q5(high),-0.7168583026647223,1.5301999071852892,35-49k
UT,50000 - 74999,28.70300398442047,62499.5,101200,-38700.5,Q5(high),0.07060241556164568,1.5301999071852892,50-74k
UT,75000 or greater,25.130064647165188,75000.0,101200,-26200.0,Q5(high),0.5627850509710813,1.5301999071852892,50-74k
UT,Less than 15000,27.867170206401436,15000.0,101200,-86200.0,Q5(high),-1.7995971037080225,1.5301999071852892,<15k
VA,15000 - 24999,35.572555928869946,19999.5,96490,-76490.5,Q5(high),-1.4173046115270767,1.167540989229433,15-24k
VA,25000 - 34999,33.8104355419714,29999.5,96490,-66490.5,Q5(high),-1.0235742524138927,1.167540989229433,25-34k
VA,35000 - 49999,33.2965112406328,42499.5,96490,-53990.5,Q5(high),-0.5314113035224126,1.167540989229433,35-49k
VA,50000 - 74999,31.90494270329974,62499.5,96490,-33990.5,Q5(high),0.2560494147039553,1.167540989229433,50-74k
VA,75000 or greater,27.333089863502657,75000.0,96490,-21490.0,Q5(high),0.748232050113391,1.167540989229433,50-74k
VA,Less than 15000,37.81984744707347,15000.0,96490,-81490.0,Q5(high),-1.614150104565713,1.167540989229433,<15k
VT,15000 - 24999,31.509833734412602,19999.5,85190,-65190.5,Q4,-0.9723893057291787,0.2974675767238759,15-24k
VT,25000 - 34999,29.332968685901815,29999.5,85190,-55190.5,Q4,-0.5786589466159947,0.2974675767238759,25-34k
VT,35000 - 49999,28.069277402952967,42499.5,85190,-42690.5,Q4,-0.08649599772451473,0.2974675767238759,35-49k
VT,50000 - 74999,28.05461437301772,62499.5,85190,-22690.5,Q4,0.7009647205018532,0.2974675767238759,50-74k
VT,75000 or greater,22.505725171188796,75000.0,85190,-10190.0,Q4,1.1931473559112888,0.2974675767238759,50-74k
VT,Less than 15000,31.941791907514457,15000.0,85190,-70190.0,Q4,-1.169234798767815,0.2974675767238759,<15k
WA,15000 - 24999,31.819748211731042,19999.5,93440,-73440.5,Q5(high),-1.2972168519975555,0.932698165500057,15-24k
WA,25000 - 34999,30.872047143223163,29999.5,93440,-63440.5,Q5(high),-0.9034864928843716,0.932698165500057,25-34k
WA,35000 - 49999,31.460074916632404,42499.5,93440,-50940.5,Q5(high),-0.4113235439928915,0.932698165500057,35-49k
WA,50000 - 74999,30.579296630454795,62499.5,93440,-30940.5,Q5(high),0.3761371742334765,0.932698165500057,50-74k
WA,75000 or greater,25.73483533288819,75000.0,93440,-18440.0,Q5(high),0.8683198096429121,0.932698165500057,50-74k
WA,Less than 15000,34.551235824367545,15000.0,93440,-78440.0,Q5(high),-1.4940623450361918,0.932698165500057,<15k
WI,15000 - 24999,35.18497948563995,19999.5,79690,-59690.5,Q3,-0.7558376082169275,-0.12601948246024477,15-24k
WI,25000 - 34999,35.10799908842297,29999.5,79690,-49690.5,Q3,-0.36210724910374353,-0.12601948246024477,25-34k
WI,35000 - 49999,34.23861258946595,42499.5,79690,-37190.5,Q3,0.13005569978773646,-0.12601948246024477,35-49k
WI,50000 - 74999,33.47526344547654,62499.5,79690,-17190.5,Q3,0.9175164180141044,-0.12601948246024477,50-74k
WI,75000 or greater,29.852115552961774,75000.0,79690,-4690.0,Q3,1.40969905342354,-0.12601948246024477,50-74k
WI,Less than 15000,36.25257566646622,15000.0,79690,-64690.0,Q3,-0.9526831012555639,-0.12601948246024477,<15k
WV,15000 - 24999,39.782293577981655,19999.5,60410,-40410.5,Q1(low),0.003274524153291218,-1.6105341190183988,15-24k
WV,25000 - 34999,39.4827817032354,29999.5,60410,-30410.5,Q1(low),0.3970048832664752,-1.6105341190183988,25-34k
WV,35000 - 49999,38.37217305801377,42499.5,60410,-17910.5,Q1(low),0.8891678321579551,-1.6105341190183988,35-49k
WV,50000 - 74999,39.869510394183806,62499.5,60410,2089.5,Q1(low),1.6766285503843232,-1.6105341190183988,50-74k
WV,75000 or greater,35.919429920728625,75000.0,60410,14590.0,Q1(low),2.168811185793759,-1.6105341190183988,50-74k
WV,Less than 15000,38.28482362592289,15000.0,60410,-45410.0,Q1(low),-0.1935709688853451,-1.6105341190183988,<15k
WY,15000 - 24999,30.93543180978194,19999.5,77200,-57200.5,Q2,-0.6577987487977447,-0.3177436237999649,15-24k
WY,25000 - 34999,29.002486848397897,29999.5,77200,-47200.5,Q2,-0.2640683896845607,-0.3177436237999649,25-34k
WY,35000 - 49999,29.461992840095462,42499.5,77200,-34700.5,Q2,0.2280945592069193,-0.3177436237999649,35-49k
WY,50000 - 74999,30.304615538646377,62499.5,77200,-14700.5,Q2,1.0155552774332872,-0.3177436237999649,50-74k
WY,75000 or greater,26.98511819250359,75000.0,77200,-2200.0,Q2,1.5077379128427228,-0.3177436237999649,50-74k
WY,Less than 15000,32.149822743386956,15000.0,77200,-62200.0,Q2,-0.854644241836381,-0.3177436237999649,<15k
